,goals,shots,xG,time,position,h_team,a_team,h_goals,a_goals,date,id_x,season,roster_id,xA,assists_x,key_passes_x,npg,npxG,xGChain,xGBuildup,assists_y,attempted_passes,big_chances_created,big_chances_missed,bonus,bps,clean_sheets,clearances_blocks_interceptions,completed_passes,creativity,dribbles,ea_index,element,errors_leading_to_goal,errors_leading_to_goal_attempt,fixture,fouls,goals_conceded,goals_scored,ict_index,id_y,influence,key_passes_y,kickoff_time,kickoff_time_formatted,loaned_in,loaned_out,minutes,offside,open_play_crosses,opponent_team,own_goals,penalties_conceded,penalties_missed,penalties_saved,recoveries,red_cards,round,saves,selected,tackled,tackles,target_missed,team_a_score,team_h_score,threat,total_points,transfers_balance,transfers_in,transfers_out,value,was_home,winning_goals,yellow_cards
0,0,0,0,62,DR,Tottenham,Newcastle United,5,1,2022-04-03,16678,2021,523654,0,0,0,0,0,0,0,0.0,,,,0.0,6.0,0.0,,,1.6,,,302.0,,,308.0,,3.0,0.0,0.7,,5.2,,2022-04-03T15:30:00Z,,,,58.0,,,17.0,0.0,,0.0,0.0,,0.0,31.0,0.0,445377.0,,,,1.0,5.0,0.0,0.0,-1601.0,3983.0,5584.0,39.0,False,,0.0
1,0,0,0,1,Sub,Everton,Newcastle United,1,0,2022-03-17,16571,2021,520805,0,0,0,0,0,0.061621468514204025,0.061621468514204025,0.0,,,,0.0,3.0,0.0,,,1.1,,,302.0,,,195.0,,1.0,0.0,0.2,,0.6,,2022-03-17T19:45:00Z,,,,1.0,,,8.0,0.0,,0.0,0.0,,0.0,29.0,0.0,456548.0,,,,0.0,1.0,0.0,1.0,-598.0,9997.0,10595.0,39.0,False,,0.0
2,0,0,0,90,DR,Chelsea,Newcastle United,1,0,2022-03-13,16659,2021,519908,0,0,0,0,0,0,0,0.0,,,,0.0,4.0,0.0,,,0.8,,,302.0,,,284.0,,1.0,0.0,0.7,,5.8,,2022-03-13T14:00:00Z,,,,90.0,,,6.0,0.0,,0.0,0.0,,0.0,29.0,0.0,456548.0,,,,0.0,1.0,0.0,2.0,-598.0,9997.0,10595.0,39.0,False,,0.0
3,0,0,0,1,Sub,Southampton,Newcastle United,1,2,2022-03-10,16584,2021,518937,0,0,0,0,0,0,0,0.0,,,,0.0,3.0,0.0,,,0.0,,,302.0,,,209.0,,0.0,0.0,0.0,,0.0,,2022-03-10T19:30:00Z,,,,1.0,,,16.0,0.0,,0.0,0.0,,0.0,28.0,0.0,451911.0,,,,2.0,1.0,0.0,1.0,-8646.0,5252.0,13898.0,39.0,False,,0.0
4,0,0,0,49,DL,Newcastle United,Aston Villa,1,0,2022-02-13,16622,2021,513333,0,0,0,0,0,0,0,0.0,,,,0.0,3.0,0.0,,,0.5,,,302.0,,,247.0,,0.0,0.0,0.5,,4.6,,2022-02-13T14:00:00Z,,,,45.0,,,2.0,0.0,,0.0,0.0,,0.0,25.0,0.0,511212.0,,,,0.0,1.0,0.0,1.0,3427.0,15520.0,12093.0,39.0,True,,0.0
5,0,0,0,1,Sub,Newcastle United,Everton,3,1,2022-02-08,16612,2021,512074,0,0,0,0,0,0,0,0.0,,,,0.0,5.0,0.0,,,0.0,,,302.0,,,239.0,,0.0,0.0,0.3,,3.0,,2022-02-08T19:45:00Z,,,,1.0,,,8.0,0.0,,0.0,0.0,,0.0,24.0,0.0,505917.0,,,,1.0,3.0,0.0,1.0,1503.0,13968.0,12465.0,39.0,True,,0.0
6,0,0,0,22,Sub,Leeds,Newcastle United,0,1,2022-01-22,16601,2021,509725,0,0,0,0,0,0.06494035571813583,0.06494035571813583,1.0,,,,0.0,15.0,0.0,,,0.3,,,302.0,,,226.0,,0.0,0.0,1.0,,9.2,,2022-01-22T15:00:00Z,,,,27.0,,,10.0,0.0,,0.0,0.0,,0.0,23.0,0.0,502663.0,,,,1.0,0.0,0.0,4.0,-6210.0,7582.0,13792.0,39.0,False,,0.0
7,0,0,0,90,DL,Newcastle United,Manchester United,1,1,2021-12-27,16561,2021,505206,0.012537430971860886,0,1,0,0,0.05250703915953636,0.039969608187675476,0.0,,,,0.0,11.0,0.0,,,11.1,,,302.0,,,186.0,,1.0,0.0,2.3,,12.0,,2021-12-27T20:00:00Z,,,,90.0,,,13.0,0.0,,0.0,0.0,,0.0,19.0,0.0,594680.0,,,,1.0,1.0,0.0,1.0,-41846.0,3423.0,45269.0,39.0,True,,1.0
8,0,0,0,90,DR,Liverpool,Newcastle United,3,1,2021-12-16,16544,2021,503371,0,0,0,0,0,0,0,0.0,,,,0.0,18.0,0.0,,,0.4,,,302.0,,,169.0,,3.0,0.0,1.6,,16.0,,2021-12-16T20:00:00Z,,,,90.0,,,11.0,0.0,,0.0,0.0,,0.0,17.0,0.0,671232.0,,,,1.0,3.0,0.0,1.0,-24404.0,11150.0,35554.0,40.0,False,,0.0
9,0,2,0.08047336339950562,90,DR,Leicester,Newcastle United,4,0,2021-12-12,16532,2021,502260,0,0,0,0,0.08047336339950562,0.09990192204713821,0.01942855678498745,0.0,,,,0.0,7.0,0.0,,,3.2,,,302.0,,,157.0,,4.0,0.0,3.3,,7.8,,2021-12-12T14:00:00Z,,,,90.0,,,9.0,0.0,,0.0,0.0,,0.0,16.0,0.0,701300.0,,,,0.0,4.0,22.0,-1.0,17374.0,35728.0,18354.0,40.0,False,,1.0
10,0,0,0,90,DR,Newcastle United,Burnley,1,0,2021-12-04,16520,2021,499943,0,0,0,0,0,0,0,0.0,,,,0.0,21.0,1.0,,,0.9,,,302.0,,,145.0,,0.0,0.0,1.2,,10.6,,2021-12-04T15:00:00Z,,,,90.0,,,5.0,0.0,,0.0,0.0,,0.0,15.0,0.0,678623.0,,,,0.0,1.0,0.0,5.0,-13476.0,10007.0,23483.0,40.0,True,,1.0
11,0,0,0,90,DR,Newcastle United,Norwich,1,1,2021-11-30,16513,2021,498641,0,0,0,0,0,0,0,0.0,,,,0.0,6.0,0.0,,,1.3,,,302.0,,,138.0,,1.0,0.0,0.8,,4.2,,2021-11-30T19:30:00Z,,,,90.0,,,15.0,0.0,,0.0,0.0,,0.0,14.0,0.0,690916.0,,,,1.0,1.0,2.0,2.0,-29988.0,6092.0,36080.0,40.0,True,,0.0
12,0,1,0.0325426384806633,90,DR,Newcastle United,Chelsea,0,3,2021-10-30,16471,2021,492211,0.010114416480064392,0,1,0,0.0325426384806633,0.108589768409729,0.0760471299290657,0.0,,,,0.0,10.0,0.0,,,10.8,,,302.0,,,96.0,,3.0,0.0,4.3,,14.8,,2021-10-30T14:00:00Z,,,,90.0,,,6.0,0.0,,0.0,0.0,,0.0,10.0,0.0,802634.0,,,,3.0,0.0,17.0,1.0,-3809.0,36815.0,40624.0,40.0,True,,0.0
13,0,0,0,90,DR,Crystal Palace,Newcastle United,1,1,2021-10-23,16460,2021,489952,0,0,0,0,0,0,0,0.0,,,,0.0,8.0,0.0,,,1.1,,,302.0,,,85.0,,1.0,0.0,1.9,,15.6,,2021-10-23T14:00:00Z,,,,90.0,,,7.0,0.0,,0.0,0.0,,0.0,9.0,0.0,805789.0,,,,1.0,1.0,2.0,2.0,26254.0,47993.0,21739.0,40.0,False,,0.0
14,0,0,0,90,DR,Newcastle United,Tottenham,2,3,2021-10-17,16452,2021,489064,0.43056967854499817,1,1,0,0,0.43056967854499817,0,1.0,,,,0.0,31.0,0.0,,,14.5,,,302.0,,,77.0,,3.0,0.0,5.6,,39.4,,2021-10-17T15:30:00Z,,,,90.0,,,17.0,0.0,,0.0,0.0,,0.0,8.0,0.0,774929.0,,,,3.0,2.0,2.0,4.0,23728.0,60077.0,36349.0,40.0,True,,0.0
15,0,0,0,73,DR,Wolverhampton Wanderers,Newcastle United,2,1,2021-10-02,16445,2021,486532,0.017747625708580017,1,1,0,0,0.017747625708580017,0,1.0,,,,0.0,16.0,0.0,,,11.7,,,302.0,,,70.0,,2.0,0.0,2.7,,15.6,,2021-10-02T14:00:00Z,,,,69.0,,,20.0,0.0,,0.0,0.0,,0.0,7.0,0.0,747463.0,,,,1.0,2.0,0.0,3.0,29328.0,65704.0,36376.0,40.0,False,,1.0
16,0,0,0,90,DR,Watford,Newcastle United,1,1,2021-09-25,16427,2021,484771,0,0,0,0,0,0.3870028257369995,0.3870028257369995,0.0,,,,0.0,3.0,0.0,,,0.8,,,302.0,,,60.0,,1.0,0.0,2.1,,18.0,,2021-09-25T14:00:00Z,,,,90.0,,,18.0,0.0,,0.0,0.0,,0.0,6.0,0.0,715112.0,,,,1.0,1.0,2.0,1.0,34179.0,65245.0,31066.0,40.0,False,,1.0
17,0,0,0,84,DR,Newcastle United,Leeds,1,1,2021-09-17,16416,2021,481696,0,0,0,0,0,0.1582898646593094,0.1582898646593094,0.0,,,,0.0,15.0,0.0,,,0.4,,,302.0,,,46.0,,1.0,0.0,2.2,,21.2,,2021-09-17T19:00:00Z,,,,80.0,,,10.0,0.0,,0.0,0.0,,0.0,5.0,0.0,679038.0,,,,1.0,1.0,0.0,2.0,99841.0,158692.0,58851.0,40.0,True,,0.0
18,1,1,0.26494351029396057,80,DR,Manchester United,Newcastle United,4,1,2021-09-11,16410,2021,480360,0,0,0,1,0.26494351029396057,0.26494351029396057,0,0.0,,,,0.0,21.0,0.0,,,4.9,,,302.0,,,38.0,,2.0,1.0,6.3,,40.6,,2021-09-11T14:00:00Z,,,,76.0,,,13.0,0.0,,0.0,0.0,,0.0,4.0,0.0,556195.0,,,,1.0,4.0,17.0,7.0,-74400.0,31397.0,105797.0,40.0,False,,0.0
19,0,0,0,5,Sub,Newcastle United,Tottenham,2,2,2021-04-04,14732,2020,460246,0,0,0,0,0,0.5661290287971497,0.5661290287971497,0.0,,,,0.0,3.0,0.0,,,0.3,,,332.0,,,296.0,,0.0,0.0,0.2,,1.4,,2021-04-04T13:05:00Z,,,,7.0,,,17.0,0.0,,0.0,0.0,,0.0,30.0,0.0,13921.0,,,,2.0,2.0,0.0,1.0,-90.0,54.0,144.0,42.0,True,,0.0
20,0,0,0,90,DR,Brighton,Newcastle United,3,0,2021-03-20,14715,2020,458336,0,0,0,0,0,0.0084286043420434,0.0084286043420434,0.0,,,,0.0,14.0,0.0,,,1.6,,,332.0,,,279.0,,3.0,0.0,1.8,,16.6,,2021-03-20T20:00:00Z,,,,90.0,,,3.0,0.0,,0.0,0.0,,0.0,29.0,0.0,14080.0,,,,0.0,3.0,0.0,1.0,7.0,143.0,136.0,42.0,False,,0.0
21,0,0,0,6,Sub,Newcastle United,Aston Villa,1,1,2021-03-12,14712,2020,455946,0,0,0,0,0,0,0,0.0,,,,0.0,3.0,0.0,,,0.3,,,332.0,,,276.0,,1.0,0.0,0.1,,0.4,,2021-03-12T20:00:00Z,,,,7.0,,,2.0,0.0,,0.0,0.0,,0.0,28.0,0.0,13954.0,,,,1.0,1.0,0.0,1.0,-119.0,97.0,216.0,42.0,True,,0.0
22,0,0,0,23,DR,Newcastle United,Southampton,3,2,2021-02-06,14661,2020,447663,0,0,0,0,0,0,0,0.0,,,,0.0,3.0,0.0,,,0.6,,,332.0,,,225.0,,0.0,0.0,0.9,,8.8,,2021-02-06T15:00:00Z,,,,23.0,,,16.0,0.0,,0.0,0.0,,0.0,23.0,0.0,17198.0,,,,2.0,3.0,0.0,1.0,159.0,779.0,620.0,42.0,True,,0.0
23,0,0,0,79,DR,Newcastle United,Crystal Palace,1,2,2021-02-02,14652,2020,446767,0.10900570452213287,0,1,0,0,0.2563125193119049,0.14730679988861084,0.0,,,,0.0,6.0,0.0,,,12.1,,,332.0,,,217.0,,2.0,0.0,2.4,,7.8,,2021-02-02T20:15:00Z,,,,76.0,,,6.0,0.0,,0.0,0.0,,0.0,22.0,0.0,16989.0,,,,2.0,1.0,4.0,1.0,595.0,911.0,316.0,42.0,True,,0.0
24,0,0,0,90,DR,Everton,Newcastle United,0,2,2021-01-30,14644,2020,445393,0,0,0,0,0,0.07049476355314255,0.07049476355314255,0.0,,,,0.0,23.0,1.0,,,1.7,,,332.0,,,203.0,,0.0,0.0,1.3,,11.2,,2021-01-30T12:30:00Z,,,,90.0,,,7.0,0.0,,0.0,0.0,,0.0,21.0,0.0,16288.0,,,,2.0,0.0,0.0,6.0,-373.0,123.0,496.0,42.0,False,,0.0
25,0,0,0,73,DR,Aston Villa,Newcastle United,2,0,2021-01-23,14535,2020,444397,0.035560742020606995,0,1,0,0,0.0636366456747055,0.028075899928808212,0.0,,,,0.0,8.0,0.0,,,20.9,,,332.0,,,99.0,,2.0,0.0,2.7,,6.0,,2021-01-23T20:00:00Z,,,,70.0,,,2.0,0.0,,0.0,0.0,,0.0,19.0,0.0,17338.0,,,,0.0,2.0,0.0,1.0,-598.0,248.0,846.0,43.0,False,,0.0
26,0,0,0,90,DR,Crystal Palace,Newcastle United,0,2,2020-11-27,14530,2020,429243,0.07072398066520691,0,1,0,0,0.09826898574829102,0.027545003220438957,0.0,,,,0.0,17.0,1.0,,,15.3,,,332.0,,,92.0,,0.0,0.0,3.2,,16.2,,2020-11-27T20:00:00Z,,,,90.0,,,6.0,0.0,,0.0,0.0,,0.0,10.0,0.0,20023.0,,,,2.0,0.0,0.0,6.0,-486.0,323.0,809.0,44.0,False,,0.0
27,0,0,0,66,DR,Newcastle United,Chelsea,0,2,2020-11-21,14521,2020,427644,0.04302012175321579,0,1,0,0,0.04302012175321579,0,0.0,,,,0.0,8.0,0.0,,,11.3,,,332.0,,,85.0,,2.0,0.0,1.6,,4.4,,2020-11-21T12:30:00Z,,,,64.0,,,5.0,0.0,,0.0,0.0,,0.0,9.0,0.0,20270.0,,,,2.0,0.0,0.0,1.0,-1975.0,86.0,2061.0,44.0,True,,0.0
28,0,1,0.023161858320236206,31,Sub,Newcastle United,Burnley,3,1,2020-10-03,14472,2020,419789,0,0,0,0,0.023161858320236206,0.048605453222990036,0.02544359490275383,0.0,,,,0.0,3.0,0.0,,,4.3,,,332.0,,,36.0,,1.0,0.0,1.6,,2.0,,2020-10-03T19:00:00Z,,,,35.0,,,4.0,0.0,,0.0,0.0,,0.0,4.0,0.0,31359.0,,,,1.0,3.0,10.0,1.0,1018.0,3699.0,2681.0,45.0,True,,0.0
29,0,0,0,90,DR,Tottenham,Newcastle United,1,1,2020-09-27,14111,2020,418050,0,0,0,0,0,0.053926028311252594,0.053926028311252594,0.0,,,,0.0,8.0,0.0,,,1.8,,,332.0,,,26.0,,1.0,0.0,0.9,,5.4,,2020-09-27T13:00:00Z,,,,90.0,,,17.0,0.0,,0.0,0.0,,0.0,3.0,0.0,28698.0,,,,1.0,1.0,2.0,2.0,-1988.0,2388.0,4376.0,45.0,False,,0.0
30,0,0,0,90,DR,Newcastle United,Brighton,0,3,2020-09-20,14101,2020,416321,0,0,0,0,0,0.053897418081760406,0.053897418081760406,0.0,,,,0.0,13.0,0.0,,,3.6,,,332.0,,,16.0,,3.0,0.0,1.1,,7.2,,2020-09-20T13:00:00Z,,,,90.0,,,3.0,0.0,,0.0,0.0,,0.0,2.0,0.0,29716.0,,,,3.0,0.0,0.0,1.0,2307.0,4953.0,2646.0,45.0,True,,0.0
31,0,0,0,90,DR,West Ham,Newcastle United,0,2,2020-09-12,14091,2020,414748,0.03938620537519455,0,1,0,0,0.16930840909481049,0.12992221117019653,0.0,,,,0.0,27.0,1.0,,,19.7,,,332.0,,,6.0,,0.0,0.0,4.4,,22.4,,2020-09-12T19:00:00Z,,,,90.0,,,19.0,0.0,,0.0,0.0,,0.0,1.0,0.0,21964.0,,,,2.0,0.0,2.0,5.0,0.0,0.0,0.0,45.0,False,,1.0
32,0,0,0,90,DC,Newcastle United,Liverpool,1,3,2020-07-26,12016,2019,411383,0,0,0,0,0,0,0,0.0,,,,0.0,9.0,0.0,,,0.2,,,256.0,,,378.0,,3.0,0.0,1.8,,17.6,,2020-07-26T15:00:00Z,,,,90.0,,,10.0,0.0,,0.0,0.0,,0.0,47.0,0.0,16689.0,,,,3.0,1.0,0.0,1.0,-582.0,385.0,967.0,43.0,True,,0.0
33,0,0,0,90,DMR,Brighton,Newcastle United,0,0,2020-07-20,12005,2019,410353,0,0,0,0,0,0.06647761166095734,0.06647761166095734,0.0,,,,0.0,23.0,1.0,,,2.2,,,256.0,,,363.0,,0.0,0.0,1.2,,9.6,,2020-07-20T17:00:00Z,,,,90.0,,,4.0,0.0,,0.0,0.0,,0.0,46.0,0.0,17842.0,,,,0.0,0.0,0.0,6.0,-448.0,444.0,892.0,43.0,False,,0.0
34,0,0,0,90,DR,Watford,Newcastle United,2,1,2020-07-11,11991,2019,407369,0,0,0,0,0,0.014453494921326637,0.014453494921326637,0.0,,,,0.0,1.0,0.0,,,1.3,,,256.0,,,349.0,,2.0,0.0,0.0,,0.0,,2020-07-11T11:30:00Z,,,,90.0,,,18.0,0.0,,0.0,0.0,,0.0,44.0,0.0,19666.0,,,,1.0,2.0,0.0,0.0,2768.0,3469.0,701.0,43.0,False,,1.0
35,0,0,0,22,Sub,Manchester City,Newcastle United,5,0,2020-07-08,11979,2019,406594,0.08767247945070267,0,1,0,0,0.08767247945070267,0,0.0,,,,0.0,4.0,0.0,,,10.8,,,256.0,,,337.0,,1.0,0.0,1.3,,2.0,,2020-07-08T17:00:00Z,,,,24.0,,,11.0,0.0,,0.0,0.0,,0.0,43.0,0.0,16265.0,,,,0.0,5.0,0.0,1.0,1556.0,2212.0,656.0,43.0,False,,0.0
36,0,0,0,90,DL,Newcastle United,West Ham,2,2,2020-07-05,11968,2019,405607,0,0,0,0,0,0.07286322861909866,0.07286322861909866,0.0,,,,0.0,18.0,0.0,,,1.3,,,256.0,,,326.0,,2.0,0.0,1.8,,16.6,,2020-07-05T13:15:00Z,,,,90.0,,,19.0,0.0,,0.0,0.0,,0.0,42.0,0.0,14458.0,,,,2.0,2.0,0.0,1.0,151.0,1050.0,899.0,43.0,True,,0.0
37,0,0,0,75,DL,Bournemouth,Newcastle United,1,4,2020-07-01,11955,2019,404393,0,0,0,0,0,0.595694899559021,0.595694899559021,0.0,,,,0.0,21.0,1.0,,,2.4,,,256.0,,,313.0,,0.0,0.0,1.3,,9.0,,2020-07-01T17:00:00Z,,,,72.0,,,3.0,0.0,,0.0,0.0,,0.0,41.0,0.0,14563.0,,,,4.0,1.0,2.0,6.0,1611.0,1950.0,339.0,43.0,False,,0.0
38,0,0,0,90,DR,Newcastle United,Aston Villa,1,1,2020-06-24,11949,2019,402396,0.019336571916937828,0,1,0,0,0.21003812551498413,0.19070155918598175,0.0,,,,0.0,12.0,0.0,,,15.9,,,256.0,,,306.0,,1.0,0.0,3.7,,19.2,,2020-06-24T17:00:00Z,,,,90.0,,,2.0,0.0,,0.0,0.0,,0.0,40.0,0.0,12899.0,,,,1.0,1.0,2.0,2.0,1803.0,2298.0,495.0,43.0,True,,0.0
39,0,0,0,90,DR,Newcastle United,Sheffield United,3,0,2020-06-21,11938,2019,401602,0,0,0,0,0,0.4812389612197876,0.4812389612197876,0.0,,,,0.0,25.0,1.0,,,1.9,,,256.0,,,296.0,,0.0,0.0,1.2,,7.8,,2020-06-21T13:00:00Z,,,,90.0,,,15.0,0.0,,0.0,0.0,,0.0,39.0,0.0,10743.0,,,,0.0,3.0,2.0,6.0,66.0,838.0,772.0,43.0,True,,0.0
40,0,0,0,75,DR,Southampton,Newcastle United,0,1,2020-03-07,11930,2019,387712,0,0,0,0,0,0.2543911337852478,0.2543911337852478,0.0,,,,0.0,20.0,1.0,,,2.8,,,256.0,,,289.0,,0.0,0.0,1.7,,11.8,,2020-03-07T15:00:00Z,,,,71.0,,,16.0,0.0,,0.0,0.0,,0.0,29.0,0.0,10508.0,,,,1.0,0.0,2.0,5.0,28.0,185.0,157.0,43.0,False,,1.0
41,0,0,0,90,DR,Newcastle United,Burnley,0,0,2020-02-29,11918,2019,387456,0.07908782362937927,0,1,0,0,0.37222757935523987,0.37222757935523987,0.0,,,,0.0,18.0,1.0,,,20.4,,,256.0,,,276.0,,0.0,0.0,4.1,,15.0,,2020-02-29T15:00:00Z,,,,90.0,,,5.0,0.0,,0.0,0.0,,0.0,28.0,0.0,10401.0,,,,0.0,0.0,6.0,5.0,-241.0,25.0,266.0,43.0,True,,1.0
42,0,0,0,47,DMR,Newcastle United,Leicester,0,3,2020-01-01,11849,2019,385579,0,0,0,0,0,0,0,0.0,,,,0.0,5.0,0.0,,,0.1,,,256.0,,,206.0,,2.0,0.0,0.6,,6.0,,2020-01-01T15:00:00Z,,,,45.0,,,9.0,0.0,,0.0,0.0,,0.0,21.0,0.0,21845.0,,,,3.0,0.0,0.0,0.0,-892.0,1462.0,2354.0,43.0,True,,0.0
43,0,0,0,90,DMR,Manchester United,Newcastle United,4,1,2019-12-26,11829,2019,372605,0,0,0,0,0,0,0,0.0,,,,0.0,11.0,0.0,,,1.3,,,256.0,,,187.0,,4.0,0.0,1.8,,15.0,,2019-12-26T17:30:00Z,,,,90.0,,,12.0,0.0,,0.0,0.0,,0.0,19.0,0.0,24163.0,,,,1.0,4.0,2.0,0.0,3896.0,5061.0,1165.0,43.0,False,,0.0
44,0,0,0,90,DMR,Newcastle United,Crystal Palace,1,0,2019-12-21,11818,2019,371484,0,0,0,0,0,0.0945294052362442,0.0945294052362442,0.0,,,,0.0,17.0,1.0,,,1.8,,,256.0,,,176.0,,0.0,0.0,1.6,,14.4,,2019-12-21T15:00:00Z,,,,90.0,,,7.0,0.0,,0.0,0.0,,0.0,18.0,0.0,21446.0,,,,0.0,1.0,0.0,6.0,3524.0,4562.0,1038.0,43.0,True,,0.0
45,0,0,0,90,DR,Burnley,Newcastle United,1,0,2019-12-14,11804,2019,369863,0,0,0,0,0,0.32889285683631897,0.32889285683631897,0.0,,,,0.0,9.0,0.0,,,6.5,,,256.0,,,162.0,,1.0,0.0,1.5,,8.0,,2019-12-14T15:00:00Z,,,,90.0,,,5.0,0.0,,0.0,0.0,,0.0,17.0,0.0,16345.0,,,,0.0,1.0,0.0,2.0,3415.0,4370.0,955.0,43.0,False,,0.0
46,0,1,0.03594760596752167,90,DR,Newcastle United,Southampton,2,1,2019-12-08,11798,2019,369023,0,0,0,0,0.03594760596752167,0.03594760596752167,0,0.0,,,,0.0,8.0,0.0,,,2.4,,,256.0,,,156.0,,1.0,0.0,2.5,,4.8,,2019-12-08T14:00:00Z,,,,90.0,,,16.0,0.0,,0.0,0.0,,0.0,16.0,0.0,12529.0,,,,1.0,2.0,18.0,2.0,3255.0,3506.0,251.0,43.0,True,,0.0
47,0,0,0,90,DR,Sheffield United,Newcastle United,0,2,2019-12-05,11786,2019,367817,0.06311216950416565,1,1,0,0,0.37986111640930176,0.3167489469051361,1.0,,,,3.0,35.0,1.0,,,15.2,,,256.0,,,145.0,,0.0,0.0,4.7,,31.6,,2019-12-05T19:30:00Z,,,,90.0,,,15.0,0.0,,0.0,0.0,,0.0,15.0,0.0,8877.0,,,,2.0,0.0,0.0,12.0,-51.0,111.0,162.0,43.0,False,,0.0
48,0,0,0,90,DR,Newcastle United,Manchester City,2,2,2019-11-30,11777,2019,365957,0,0,0,0,0,0,0,0.0,,,,0.0,5.0,0.0,,,0.7,,,256.0,,,136.0,,2.0,0.0,1.0,,8.8,,2019-11-30T12:30:00Z,,,,90.0,,,11.0,0.0,,0.0,0.0,,0.0,14.0,0.0,8882.0,,,,2.0,2.0,0.0,0.0,-154.0,66.0,220.0,43.0,True,,1.0
49,0,0,0,90,DR,Newcastle United,Brighton,0,0,2019-09-21,11699,2019,352437,0,0,0,0,0,0,0,0.0,,,,1.0,26.0,1.0,,,2.0,,,256.0,,,58.0,,0.0,0.0,2.4,,20.0,,2019-09-21T16:30:00Z,,,,90.0,,,4.0,0.0,,0.0,0.0,,0.0,6.0,0.0,9872.0,,,,0.0,0.0,2.0,6.0,-135.0,318.0,453.0,44.0,True,,1.0
50,0,0,0,20,Sub,Liverpool,Newcastle United,3,1,2019-09-14,11683,2019,348759,0,0,0,0,0,0.03902152180671692,0.03902152180671692,0.0,,,,0.0,4.0,0.0,,,0.2,,,256.0,,,44.0,,1.0,0.0,0.2,,2.2,,2019-09-14T11:30:00Z,,,,23.0,,,10.0,0.0,,0.0,0.0,,0.0,5.0,0.0,9810.0,,,,1.0,3.0,0.0,1.0,-389.0,423.0,812.0,44.0,False,,0.0
51,0,0,0,9,Sub,Newcastle United,Watford,1,1,2019-08-31,11679,2019,347551,0,0,0,0,0,0,0,0.0,,,,0.0,7.0,0.0,,,0.3,,,256.0,,,38.0,,0.0,0.0,0.7,,4.2,,2019-08-31T14:00:00Z,,,,12.0,,,18.0,0.0,,0.0,0.0,,0.0,4.0,0.0,9793.0,,,,1.0,1.0,2.0,1.0,-658.0,314.0,972.0,45.0,True,,0.0
52,0,0,0,90,DMR,Newcastle United,Arsenal,0,1,2019-08-11,11650,2019,341515,0.013571692630648613,0,1,0,0,0.02574598416686058,0.012174292467534542,0.0,,,,0.0,10.0,0.0,,,11.1,,,256.0,,,10.0,,1.0,0.0,2.2,,8.4,,2019-08-11T13:00:00Z,,,,90.0,,,1.0,0.0,,0.0,0.0,,0.0,1.0,0.0,9344.0,,,,1.0,0.0,2.0,2.0,0.0,0.0,0.0,45.0,True,,0.0
53,0,1,0.06671775132417679,90,DR,Newcastle United,Liverpool,2,3,2019-05-04,9559,2018,330566,0.14679308235645294,1,2,0,0.06671775132417679,0.14785261452198029,0,1.0,17.0,0.0,0.0,0.0,19.0,0.0,3.0,10.0,21.2,2.0,0.0,315.0,0.0,0.0,368.0,2.0,3.0,0.0,6.6,20866.0,27.6,2.0,2019-05-04T18:45:00Z,04 May 19:45,0.0,0.0,90.0,0.0,0.0,12.0,0.0,0.0,0.0,0.0,4.0,0.0,37.0,0.0,15433.0,0.0,0.0,0.0,3.0,2.0,17.0,4.0,-312.0,140.0,452.0,43.0,True,0.0,0.0
54,0,0,0,90,DR,Brighton,Newcastle United,1,1,2019-04-27,9556,2018,328449,0,0,0,0,0,0,0,0.0,28.0,0.0,0.0,0.0,11.0,0.0,4.0,21.0,3.3,0.0,0.0,315.0,0.0,0.0,351.0,0.0,1.0,0.0,1.5,20251.0,11.8,0.0,2019-04-27T16:30:00Z,27 Apr 17:30,0.0,0.0,90.0,0.0,0.0,3.0,0.0,0.0,0.0,0.0,3.0,0.0,36.0,0.0,15780.0,2.0,2.0,0.0,1.0,1.0,0.0,2.0,219.0,520.0,301.0,43.0,False,0.0,0.0
55,0,0,0,90,DR,Newcastle United,Southampton,3,1,2019-04-20,9539,2018,326201,0,0,0,0,0,0.019925259053707123,0.019925259053707123,0.0,20.0,0.0,0.0,0.0,9.0,0.0,8.0,11.0,11.3,0.0,0.0,315.0,0.0,0.0,348.0,2.0,1.0,0.0,3.1,19485.0,17.6,0.0,2019-04-20T16:30:00Z,20 Apr 17:30,0.0,0.0,90.0,0.0,0.0,16.0,0.0,0.0,0.0,0.0,1.0,0.0,35.0,0.0,15479.0,1.0,1.0,0.0,1.0,3.0,2.0,2.0,-135.0,349.0,484.0,43.0,True,0.0,0.0
56,0,0,0,90,DR,Leicester,Newcastle United,0,1,2019-04-12,9532,2018,323886,0,0,0,0,0,0.07951574772596359,0.07951574772596359,0.0,24.0,0.0,0.0,0.0,23.0,1.0,7.0,15.0,4.5,0.0,0.0,315.0,0.0,0.0,335.0,0.0,0.0,0.0,1.7,18766.0,12.4,0.0,2019-04-12T19:00:00Z,12 Apr 20:00,0.0,0.0,90.0,1.0,1.0,11.0,0.0,0.0,0.0,0.0,9.0,0.0,34.0,0.0,15633.0,0.0,1.0,0.0,1.0,0.0,0.0,5.0,-686.0,42.0,728.0,43.0,False,0.0,1.0
57,0,0,0,90,DR,West Ham,Newcastle United,2,0,2019-03-02,9478,2018,305390,0,0,0,0,0,0.5079341530799866,0.5079341530799866,0.0,39.0,0.0,0.0,0.0,14.0,0.0,0.0,32.0,3.1,1.0,0.0,315.0,0.0,0.0,289.0,2.0,2.0,0.0,1.7,15925.0,12.0,0.0,2019-03-02T17:30:00Z,02 Mar 17:30,0.0,0.0,90.0,0.0,0.0,19.0,0.0,0.0,0.0,0.0,4.0,0.0,29.0,0.0,17373.0,2.0,3.0,0.0,0.0,2.0,2.0,1.0,2113.0,2469.0,356.0,43.0,False,0.0,0.0
58,0,0,0,90,DR,Newcastle United,Burnley,2,0,2019-02-26,9473,2018,305017,0.012181617319583893,1,1,0,0,0.7594566941261292,0.7472750544548035,1.0,39.0,0.0,0.0,2.0,35.0,1.0,2.0,33.0,13.8,0.0,0.0,315.0,0.0,0.0,279.0,0.0,0.0,0.0,4.1,15320.0,27.0,1.0,2019-02-26T20:00:00Z,26 Feb 20:00,0.0,0.0,90.0,0.0,0.0,4.0,0.0,0.0,0.0,0.0,4.0,0.0,28.0,0.0,15108.0,3.0,2.0,0.0,0.0,2.0,0.0,11.0,-445.0,88.0,533.0,43.0,True,0.0,0.0
59,0,0,0,1,Sub,Wolverhampton Wanderers,Newcastle United,1,1,2019-02-11,9450,2018,304711,0,0,0,0,0,0,0,0.0,1.0,0.0,0.0,0.0,2.0,0.0,0.0,0.0,0.0,0.0,0.0,315.0,0.0,0.0,260.0,0.0,1.0,0.0,0.0,14236.0,0.0,0.0,2019-02-11T20:00:00Z,11 Feb 20:00,0.0,0.0,1.0,0.0,0.0,20.0,0.0,0.0,0.0,0.0,1.0,0.0,26.0,0.0,16012.0,1.0,0.0,0.0,1.0,1.0,0.0,1.0,-876.0,67.0,943.0,43.0,False,0.0,0.0
60,0,0,0,1,Sub,Newcastle United,Manchester City,2,1,2019-01-29,9434,2018,304009,0,0,0,0,0,0,0,0.0,0.0,0.0,0.0,0.0,2.0,0.0,0.0,0.0,0.0,0.0,0.0,315.0,0.0,0.0,238.0,0.0,0.0,0.0,0.0,12999.0,0.0,0.0,2019-01-29T20:00:00Z,29 Jan 20:00,0.0,0.0,1.0,0.0,0.0,13.0,0.0,0.0,0.0,0.0,0.0,0.0,24.0,0.0,17555.0,1.0,0.0,0.0,1.0,2.0,0.0,1.0,-1350.0,50.0,1400.0,43.0,True,0.0,0.0
61,0,0,0,2,Sub,Newcastle United,Cardiff,3,0,2019-01-19,9420,2018,303764,0,0,0,0,0,0,0,0.0,2.0,0.0,0.0,0.0,1.0,0.0,0.0,1.0,0.3,0.0,0.0,315.0,0.0,0.0,227.0,2.0,0.0,0.0,0.3,12420.0,2.2,0.0,2019-01-19T15:00:00Z,19 Jan 15:00,0.0,0.0,5.0,0.0,0.0,5.0,0.0,0.0,0.0,0.0,0.0,0.0,23.0,0.0,18875.0,0.0,0.0,0.0,0.0,3.0,0.0,1.0,-1461.0,612.0,2073.0,43.0,True,0.0,0.0
62,0,0,0,6,Sub,Chelsea,Newcastle United,2,1,2019-01-12,9413,2018,303506,0.05717708170413971,0,2,0,0,0.05717708170413971,0,0.0,4.0,0.0,0.0,0.0,5.0,0.0,0.0,3.0,24.3,0.0,0.0,315.0,0.0,0.0,214.0,0.0,0.0,0.0,3.1,11846.0,6.6,2.0,2019-01-12T17:30:00Z,12 Jan 17:30,0.0,0.0,8.0,0.0,1.0,6.0,0.0,0.0,0.0,0.0,0.0,0.0,22.0,0.0,20358.0,1.0,0.0,0.0,1.0,2.0,0.0,1.0,-936.0,2322.0,3258.0,43.0,False,0.0,0.0
63,0,1,0.016318727284669876,87,DR,Newcastle United,Fulham,0,0,2018-12-22,9369,2018,278810,0.015489811077713966,0,1,0,0.016318727284669876,0.09017598628997803,0.07468617707490921,0.0,38.0,0.0,0.0,0.0,22.0,1.0,0.0,29.0,17.6,1.0,0.0,315.0,0.0,0.0,178.0,1.0,0.0,0.0,3.2,9575.0,9.2,1.0,2018-12-22T15:00:00Z,22 Dec 15:00,0.0,0.0,83.0,0.0,1.0,9.0,0.0,0.0,0.0,0.0,4.0,0.0,18.0,0.0,15283.0,2.0,1.0,1.0,0.0,0.0,5.0,6.0,9480.0,10180.0,700.0,43.0,True,0.0,0.0
64,0,0,0,90,DMR,Huddersfield,Newcastle United,0,1,2018-12-15,9363,2018,278576,0.4251434803009033,1,1,0,0,0.4251434803009033,0,1.0,19.0,1.0,0.0,3.0,36.0,1.0,9.0,12.0,11.4,0.0,0.0,315.0,0.0,0.0,164.0,0.0,0.0,0.0,4.8,9013.0,36.8,1.0,2018-12-15T15:00:00Z,15 Dec 15:00,0.0,0.0,90.0,0.0,0.0,10.0,0.0,0.0,0.0,0.0,5.0,0.0,17.0,0.0,4568.0,0.0,0.0,0.0,1.0,0.0,0.0,12.0,85.0,181.0,96.0,43.0,False,0.0,0.0
65,0,0,0,43,Sub,Newcastle United,Wolverhampton Wanderers,1,2,2018-12-09,9348,2018,278403,0,0,0,0,0,0,0,0.0,7.0,0.0,0.0,0.0,4.0,0.0,1.0,5.0,0.3,0.0,0.0,315.0,0.0,0.0,159.0,0.0,1.0,0.0,1.0,8454.0,9.4,0.0,2018-12-09T16:00:00Z,09 Dec 16:00,0.0,0.0,45.0,0.0,0.0,20.0,0.0,0.0,0.0,0.0,2.0,0.0,16.0,0.0,4420.0,1.0,1.0,0.0,2.0,1.0,0.0,1.0,41.0,100.0,59.0,43.0,True,0.0,0.0
66,0,0,0,90,DL,Everton,Newcastle United,1,1,2018-12-05,9345,2018,278104,0,0,0,0,0,0.34978431463241577,0.34978431463241577,0.0,16.0,0.0,0.0,0.0,11.0,0.0,11.0,8.0,0.8,0.0,0.0,315.0,0.0,0.0,149.0,1.0,1.0,0.0,2.3,7896.0,20.0,0.0,2018-12-05T19:45:00Z,05 Dec 19:45,0.0,0.0,90.0,0.0,0.0,8.0,0.0,0.0,0.0,0.0,4.0,0.0,15.0,0.0,4347.0,0.0,0.0,0.0,1.0,1.0,2.0,2.0,-24.0,19.0,43.0,44.0,False,0.0,0.0
67,0,0,0,90,DL,Newcastle United,West Ham,0,3,2018-12-01,9328,2018,277671,0.02780347689986229,0,1,0,0,0.1258864402770996,0.09808297455310822,0.0,56.0,0.0,0.0,0.0,16.0,0.0,6.0,44.0,13.3,0.0,0.0,315.0,0.0,0.0,139.0,0.0,3.0,0.0,2.8,7340.0,14.6,1.0,2018-12-01T15:00:00Z,01 Dec 15:00,0.0,0.0,90.0,0.0,0.0,19.0,0.0,0.0,0.0,0.0,13.0,0.0,14.0,0.0,4365.0,0.0,0.0,0.0,3.0,0.0,0.0,1.0,-32.0,20.0,52.0,44.0,True,0.0,0.0
68,0,0,0,90,DL,Manchester United,Newcastle United,3,2,2018-10-06,9273,2018,276166,0,0,0,0,0,0.07652043551206589,0.07652043551206589,0.0,26.0,0.0,0.0,0.0,16.0,0.0,14.0,16.0,1.6,0.0,0.0,315.0,0.0,0.0,77.0,1.0,3.0,0.0,2.1,4049.0,19.4,0.0,2018-10-06T16:30:00Z,06 Oct 17:30,0.0,0.0,90.0,0.0,0.0,14.0,0.0,0.0,0.0,0.0,1.0,0.0,8.0,0.0,4727.0,0.0,2.0,0.0,2.0,3.0,0.0,1.0,-92.0,30.0,122.0,44.0,False,0.0,0.0
69,0,0,0,9,Sub,Newcastle United,Leicester,0,2,2018-09-29,9259,2018,260523,0,0,0,0,0,0,0,0.0,5.0,0.0,0.0,0.0,7.0,0.0,0.0,3.0,0.3,0.0,0.0,315.0,0.0,0.0,68.0,0.0,0.0,0.0,0.5,3510.0,4.2,0.0,2018-09-29T14:00:00Z,29 Sep 15:00,0.0,0.0,10.0,0.0,0.0,11.0,0.0,0.0,0.0,0.0,0.0,0.0,7.0,0.0,4800.0,0.0,2.0,0.0,2.0,0.0,0.0,1.0,-148.0,31.0,179.0,44.0,True,0.0,0.0
70,0,0,0,49,DR,Cardiff,Newcastle United,0,0,2018-08-18,9207,2018,259004,0,0,0,0,0,0,0,0.0,9.0,0.0,0.0,0.0,-2.0,0.0,3.0,3.0,0.2,0.0,0.0,315.0,0.0,0.0,13.0,2.0,0.0,0.0,0.0,840.0,0.2,0.0,2018-08-18T11:30:00Z,18 Aug 12:30,0.0,0.0,45.0,0.0,0.0,5.0,0.0,0.0,0.0,0.0,3.0,0.0,2.0,0.0,8448.0,2.0,0.0,0.0,0.0,0.0,0.0,0.0,-887.0,177.0,1064.0,45.0,False,0.0,1.0
71,0,0,0,68,DR,Watford,Newcastle United,2,1,2018-05-05,7482,2017,237554,0.2646610140800476,1,1,0,0,0.2646610140800476,0,1.0,25.0,1.0,0.0,0.0,18.0,0.0,1.0,17.0,20.3,1.0,0.0,477.0,0.0,0.0,369.0,2.0,2.0,0.0,4.6,21558.0,21.2,1.0,2018-05-05T14:00:00Z,05 May 15:00,0.0,0.0,66.0,0.0,2.0,18.0,0.0,0.0,0.0,0.0,1.0,0.0,37.0,0.0,38067.0,2.0,0.0,0.0,1.0,2.0,4.0,4.0,-430.0,143.0,573.0,42.0,False,0.0,0.0
72,0,0,0,4,Sub,Bournemouth,Newcastle United,2,2,2018-02-24,7390,2017,219123,0,0,0,0,0,0,0,0.0,2.0,0.0,0.0,0.0,2.0,0.0,0.0,1.0,0.3,0.0,0.0,477.0,0.0,0.0,272.0,0.0,1.0,0.0,0.3,15908.0,2.2,0.0,2018-02-24T15:00:00Z,24 Feb 15:00,0.0,0.0,6.0,1.0,0.0,2.0,0.0,0.0,0.0,0.0,0.0,0.0,28.0,0.0,44368.0,0.0,0.0,0.0,2.0,2.0,0.0,1.0,-1954.0,163.0,2117.0,43.0,False,0.0,0.0
73,0,0,0,67,DR,Manchester City,Newcastle United,3,1,2018-01-20,7354,2017,209376,0,0,0,0,0,0,0,0.0,4.0,0.0,0.0,0.0,3.0,0.0,4.0,2.0,0.3,1.0,0.0,477.0,0.0,0.0,236.0,2.0,2.0,0.0,0.7,13440.0,6.4,0.0,2018-01-20T17:30:00Z,20 Jan 17:30,0.0,0.0,65.0,0.0,0.0,11.0,0.0,1.0,0.0,0.0,2.0,0.0,24.0,0.0,53351.0,1.0,0.0,0.0,1.0,3.0,0.0,1.0,-4860.0,264.0,5124.0,44.0,False,0.0,0.0
74,0,0,0,90,DL,Stoke,Newcastle United,0,1,2018-01-01,7337,2017,206646,0,0,0,0,0,0.018480883911252022,0.018480883911252022,0.0,16.0,0.0,0.0,0.0,21.0,1.0,4.0,11.0,0.3,1.0,0.0,477.0,0.0,0.0,218.0,2.0,0.0,0.0,1.3,12234.0,12.2,0.0,2018-01-01T15:00:00Z,01 Jan 15:00,0.0,0.0,90.0,0.0,0.0,15.0,0.0,0.0,0.0,0.0,4.0,0.0,22.0,0.0,57866.0,0.0,2.0,0.0,1.0,0.0,0.0,5.0,-4281.0,551.0,4832.0,44.0,False,0.0,1.0
75,0,0,0,90,DL,Newcastle United,Manchester City,0,1,2017-12-27,7315,2017,205805,0,0,0,0,0,0,0,0.0,17.0,0.0,0.0,0.0,6.0,0.0,2.0,12.0,0.9,0.0,0.0,477.0,0.0,0.0,197.0,1.0,1.0,0.0,0.5,11078.0,4.2,0.0,2017-12-27T19:45:00Z,27 Dec 19:45,0.0,0.0,90.0,1.0,0.0,11.0,0.0,0.0,0.0,0.0,2.0,0.0,20.0,0.0,61059.0,1.0,1.0,0.0,1.0,0.0,0.0,2.0,-2076.0,576.0,2652.0,44.0,True,0.0,0.0
76,0,0,0,90,DL,West Ham,Newcastle United,2,3,2017-12-23,7300,2017,205377,0,0,0,0,0,0.5357736349105835,0.5357736349105835,0.0,23.0,0.0,0.0,0.0,8.0,0.0,8.0,18.0,1.2,1.0,0.0,477.0,0.0,0.0,190.0,1.0,2.0,0.0,2.5,10493.0,22.2,0.0,2017-12-23T15:00:00Z,23 Dec 15:00,0.0,0.0,90.0,0.0,0.0,20.0,0.0,0.0,0.0,0.0,2.0,0.0,19.0,0.0,63063.0,2.0,0.0,0.0,3.0,2.0,2.0,1.0,-2515.0,753.0,3268.0,44.0,False,0.0,0.0
77,0,0,0,90,DL,Arsenal,Newcastle United,1,0,2017-12-16,7289,2017,203131,0.015413975343108177,0,1,0,0,0.04249553009867668,0.04249553009867668,0.0,17.0,0.0,0.0,0.0,13.0,0.0,4.0,16.0,11.2,0.0,0.0,477.0,0.0,0.0,171.0,0.0,1.0,0.0,3.1,9913.0,19.8,1.0,2017-12-16T15:00:00Z,16 Dec 15:00,0.0,0.0,90.0,0.0,0.0,1.0,0.0,0.0,0.0,0.0,0.0,0.0,18.0,0.0,65441.0,0.0,2.0,0.0,0.0,1.0,0.0,2.0,-3525.0,569.0,4094.0,44.0,False,0.0,0.0
78,0,0,0,90,DL,Newcastle United,Everton,0,1,2017-12-13,7284,2017,202921,0.036168962717056274,0,2,0,0,0.09617935866117477,0.0600103959441185,0.0,50.0,0.0,0.0,0.0,15.0,0.0,2.0,39.0,23.3,2.0,0.0,477.0,0.0,0.0,167.0,0.0,1.0,0.0,4.0,9335.0,17.0,2.0,2017-12-13T19:45:00Z,13 Dec 19:45,0.0,0.0,90.0,0.0,0.0,7.0,0.0,0.0,0.0,0.0,8.0,0.0,17.0,0.0,68871.0,4.0,2.0,0.0,1.0,0.0,0.0,2.0,-1097.0,1810.0,2907.0,44.0,True,0.0,0.0
79,0,0,0,90,DL,Newcastle United,Leicester,2,3,2017-12-09,7277,2017,198906,0,0,0,0,0,0.07834450900554657,0.07834450900554657,0.0,30.0,0.0,0.0,0.0,9.0,0.0,4.0,24.0,0.7,0.0,0.0,477.0,0.0,0.0,156.0,2.0,3.0,0.0,1.7,8758.0,9.8,0.0,2017-12-09T17:30:00Z,09 Dec 17:30,0.0,0.0,90.0,0.0,0.0,9.0,0.0,0.0,0.0,0.0,5.0,0.0,16.0,0.0,69823.0,2.0,0.0,0.0,3.0,2.0,6.0,1.0,-835.0,2551.0,3386.0,44.0,True,0.0,0.0
80,0,0,0,90,DMR,Chelsea,Newcastle United,3,1,2017-12-02,7259,2017,179716,0,0,0,0,0,0,0,0.0,30.0,0.0,0.0,0.0,14.0,0.0,3.0,25.0,3.0,1.0,0.0,477.0,0.0,0.0,144.0,0.0,3.0,0.0,1.2,8184.0,9.2,0.0,2017-12-02T12:30:00Z,02 Dec 12:30,0.0,0.0,90.0,0.0,0.0,5.0,0.0,0.0,0.0,0.0,5.0,0.0,15.0,0.0,70326.0,1.0,1.0,0.0,1.0,3.0,0.0,1.0,-4895.0,1173.0,6068.0,44.0,False,0.0,0.0
81,0,0,0,90,DL,Newcastle United,Watford,0,3,2017-11-25,7242,2017,179508,0,0,0,0,0,0.13413068652153015,0.13413068652153015,0.0,29.0,0.0,0.0,0.0,8.0,0.0,8.0,25.0,2.6,0.0,0.0,477.0,0.0,0.0,125.0,0.0,3.0,0.0,1.9,7043.0,16.0,0.0,2017-11-25T15:00:00Z,25 Nov 15:00,0.0,0.0,90.0,0.0,0.0,18.0,0.0,0.0,0.0,0.0,3.0,0.0,13.0,0.0,76709.0,3.0,0.0,0.0,3.0,0.0,0.0,1.0,3962.0,7305.0,3343.0,44.0,True,0.0,0.0
82,0,0,0,90,DL,Manchester United,Newcastle United,4,1,2017-11-18,7232,2017,178892,0,0,0,0,0,0.4702388346195221,0.4702388346195221,0.0,21.0,0.0,0.0,0.0,8.0,0.0,5.0,16.0,0.5,1.0,0.0,477.0,0.0,0.0,118.0,1.0,4.0,0.0,1.3,6474.0,12.8,0.0,2017-11-18T17:30:00Z,18 Nov 17:30,0.0,0.0,90.0,0.0,0.0,12.0,0.0,0.0,0.0,0.0,3.0,0.0,12.0,0.0,72357.0,1.0,0.0,0.0,1.0,4.0,0.0,0.0,440.0,5217.0,4777.0,44.0,False,0.0,0.0
83,0,0,0,90,DL,Newcastle United,Bournemouth,0,1,2017-11-04,7222,2017,179073,0,0,0,0,0,0.04431822523474693,0.04431822523474693,0.0,25.0,0.0,0.0,0.0,7.0,0.0,4.0,17.0,2.0,0.0,0.0,477.0,0.0,0.0,104.0,3.0,1.0,0.0,1.2,5908.0,10.0,0.0,2017-11-04T15:00:00Z,04 Nov 15:00,0.0,0.0,90.0,0.0,0.0,2.0,0.0,0.0,0.0,0.0,1.0,0.0,11.0,0.0,71323.0,0.0,1.0,0.0,1.0,0.0,0.0,2.0,9292.0,12197.0,2905.0,44.0,True,0.0,0.0
84,0,1,0.06458549201488495,90,DL,Burnley,Newcastle United,1,0,2017-10-30,7212,2017,177708,0,0,0,0,0.06458549201488495,0.03477072715759277,0.03477072715759277,0.0,56.0,0.0,0.0,0.0,8.0,0.0,2.0,42.0,1.8,0.0,0.0,477.0,0.0,0.0,94.0,0.0,1.0,0.0,1.4,5345.0,8.2,0.0,2017-10-30T20:00:00Z,30 Oct 20:00,0.0,0.0,90.0,0.0,0.0,4.0,0.0,0.0,0.0,0.0,4.0,0.0,10.0,0.0,61193.0,1.0,0.0,1.0,0.0,1.0,4.0,2.0,10601.0,14081.0,3480.0,44.0,False,0.0,0.0
85,0,0,0,90,DL,Newcastle United,Crystal Palace,1,0,2017-10-21,7203,2017,177313,0,0,0,0,0,0,0,0.0,47.0,0.0,0.0,0.0,16.0,1.0,5.0,42.0,3.4,1.0,0.0,477.0,0.0,0.0,85.0,3.0,0.0,0.0,1.5,4786.0,11.4,0.0,2017-10-21T14:00:00Z,21 Oct 15:00,0.0,0.0,90.0,0.0,0.0,6.0,0.0,0.0,0.0,0.0,5.0,0.0,9.0,0.0,49684.0,4.0,0.0,0.0,0.0,1.0,0.0,5.0,2502.0,4861.0,2359.0,44.0,True,0.0,1.0
86,0,0,0,90,DL,Southampton,Newcastle United,2,2,2017-10-15,7195,2017,178483,0.07552750408649445,0,1,0,0,0.10664419829845428,0.031116697937250137,0.0,38.0,0.0,0.0,0.0,11.0,0.0,3.0,24.0,12.1,2.0,0.0,477.0,0.0,0.0,77.0,0.0,2.0,0.0,2.7,4229.0,15.0,1.0,2017-10-15T15:00:00Z,15 Oct 16:00,0.0,0.0,90.0,0.0,0.0,14.0,0.0,0.0,0.0,0.0,4.0,0.0,8.0,0.0,46894.0,0.0,0.0,0.0,2.0,2.0,0.0,1.0,-188.0,4360.0,4548.0,44.0,False,0.0,0.0
87,0,0,0,90,DL,Newcastle United,Liverpool,1,1,2017-10-01,7188,2017,178163,0,0,0,0,0,0.011393198743462563,0.011393198743462563,0.0,18.0,0.0,0.0,0.0,7.0,0.0,2.0,11.0,0.2,0.0,0.0,477.0,0.0,0.0,70.0,1.0,1.0,0.0,0.5,3675.0,4.6,0.0,2017-10-01T15:30:00Z,01 Oct 16:30,0.0,0.0,90.0,0.0,0.0,10.0,0.0,0.0,0.0,0.0,4.0,0.0,7.0,0.0,46601.0,0.0,0.0,0.0,1.0,1.0,0.0,2.0,-6641.0,678.0,7319.0,45.0,True,0.0,0.0
88,0,0,0,90,DR,Swansea,Newcastle United,0,1,2017-09-10,7157,2017,177296,0.34454625844955444,0,3,0,0,0.41658714413642883,0.13619722425937653,0.0,28.0,1.0,0.0,1.0,27.0,1.0,2.0,23.0,40.2,0.0,0.0,477.0,0.0,0.0,39.0,2.0,0.0,0.0,5.5,2035.0,14.6,3.0,2017-09-10T15:00:00Z,10 Sep 16:00,0.0,0.0,90.0,0.0,2.0,16.0,0.0,0.0,0.0,0.0,6.0,0.0,4.0,0.0,54805.0,0.0,0.0,0.0,1.0,0.0,0.0,7.0,-1661.0,2948.0,4609.0,45.0,False,0.0,0.0
89,0,0,0,90,DR,Newcastle United,West Ham,3,0,2017-08-26,7142,2017,176483,0.013147466816008091,0,1,0,0,0.15347692370414734,0.14032946527004242,0.0,15.0,0.0,0.0,0.0,19.0,1.0,2.0,9.0,10.8,0.0,0.0,477.0,0.0,0.0,26.0,1.0,0.0,0.0,1.6,1504.0,5.0,1.0,2017-08-26T14:00:00Z,26 Aug 15:00,0.0,0.0,90.0,0.0,0.0,20.0,0.0,0.0,0.0,0.0,2.0,0.0,3.0,0.0,55142.0,0.0,0.0,0.0,0.0,3.0,0.0,6.0,-4669.0,1689.0,6358.0,45.0,True,0.0,0.0
90,0,0,0,90,DR,Huddersfield,Newcastle United,1,0,2017-08-20,7136,2017,176137,0.04857653006911278,0,1,0,0,0.09994000941514969,0.05136347934603691,0.0,32.0,0.0,0.0,0.0,11.0,0.0,3.0,19.0,18.8,0.0,0.0,477.0,0.0,0.0,18.0,0.0,1.0,0.0,5.1,988.0,28.6,1.0,2017-08-20T12:30:00Z,20 Aug 13:30,0.0,0.0,90.0,0.0,2.0,8.0,0.0,0.0,0.0,0.0,7.0,0.0,2.0,0.0,59082.0,1.0,0.0,0.0,0.0,1.0,4.0,2.0,-1328.0,2876.0,4204.0,45.0,False,0.0,0.0
91,0,1,0.02335253544151783,90,DR,Newcastle United,Tottenham,0,2,2017-08-13,7127,2017,175957,0.3197048008441925,0,1,0,0.02335253544151783,0.3430573642253876,0,0.0,19.0,1.0,0.0,0.0,16.0,0.0,5.0,11.0,10.9,1.0,0.0,477.0,0.0,0.0,10.0,1.0,2.0,0.0,3.3,477.0,15.6,1.0,2017-08-13T12:30:00Z,13 Aug 13:30,0.0,0.0,90.0,0.0,0.0,17.0,0.0,0.0,0.0,0.0,4.0,0.0,1.0,0.0,57103.0,0.0,2.0,1.0,2.0,0.0,6.0,1.0,0.0,0.0,0.0,45.0,True,0.0,0.0
92,1,1,0.37967532873153687,90,DMR,Chelsea,Sunderland,5,1,2017-05-21,3512,2016,125211,0,0,0,1,0.37967532873153687,0,0,0.0,16.0,0.0,0.0,0.0,24.0,0.0,6.0,11.0,1.0,1.0,0.0,538.0,0.0,0.0,373.0,0.0,5.0,1.0,6.5,23543.0,46.8,0.0,2017-05-21T14:00:00Z,21 May 15:00,0.0,0.0,90.0,1.0,0.0,4.0,0.0,0.0,0.0,0.0,3.0,0.0,38.0,0.0,1970.0,2.0,2.0,0.0,1.0,5.0,17.0,6.0,4.0,44.0,40.0,43.0,False,0.0,0.0
93,0,0,0,83,DMR,Arsenal,Sunderland,2,0,2017-05-16,3470,2016,135107,0,0,0,0,0,0.04442916437983513,0.04442916437983513,0.0,22.0,0.0,0.0,0.0,9.0,0.0,4.0,16.0,2.2,2.0,0.0,538.0,0.0,0.0,331.0,0.0,2.0,0.0,1.4,22801.0,7.6,0.0,2017-05-16T18:45:00Z,16 May 19:45,0.0,0.0,81.0,0.0,0.0,1.0,0.0,0.0,0.0,0.0,1.0,0.0,37.0,0.0,1958.0,1.0,0.0,0.0,0.0,2.0,4.0,1.0,211.0,247.0,36.0,43.0,False,0.0,0.0
94,0,0,0,90,DL,Sunderland,Swansea,0,2,2017-05-13,3506,2016,133769,0.05685923621058464,0,1,0,0,0.07990415394306183,0.023044917732477188,0.0,50.0,0.0,0.0,0.0,14.0,0.0,4.0,42.0,19.0,2.0,0.0,538.0,0.0,0.0,367.0,1.0,2.0,0.0,3.7,22802.0,17.6,1.0,2017-05-13T14:00:00Z,13 May 15:00,0.0,0.0,90.0,0.0,1.0,16.0,0.0,0.0,0.0,0.0,5.0,0.0,37.0,0.0,1958.0,2.0,0.0,0.0,2.0,0.0,0.0,1.0,211.0,247.0,36.0,43.0,True,0.0,0.0
95,0,0,0,90,DL,Hull,Sunderland,0,2,2017-05-06,3494,2016,134915,0,0,0,0,0,0.0756600946187973,0.0756600946187973,0.0,26.0,0.0,0.0,0.0,27.0,1.0,2.0,19.0,1.8,2.0,0.0,538.0,0.0,0.0,355.0,0.0,0.0,0.0,2.1,21850.0,13.0,0.0,2017-05-06T14:00:00Z,06 May 15:00,0.0,0.0,90.0,1.0,0.0,7.0,0.0,0.0,0.0,0.0,9.0,0.0,36.0,0.0,1735.0,2.0,3.0,0.0,2.0,0.0,6.0,6.0,125.0,210.0,85.0,43.0,False,0.0,0.0
96,0,0,0,90,DL,Sunderland,Bournemouth,0,1,2017-04-29,3486,2016,134515,0,0,0,0,0,0.09703020751476288,0.09703020751476288,0.0,32.0,0.0,0.0,0.0,9.0,0.0,3.0,25.0,7.1,0.0,0.0,538.0,0.0,0.0,347.0,1.0,1.0,0.0,2.8,21131.0,14.8,0.0,2017-04-29T14:00:00Z,29 Apr 15:00,0.0,0.0,90.0,1.0,1.0,2.0,0.0,0.0,0.0,0.0,0.0,0.0,35.0,0.0,1605.0,1.0,1.0,0.0,1.0,0.0,6.0,2.0,112.0,157.0,45.0,43.0,True,0.0,0.0
97,0,0,0,90,DL,Middlesbrough,Sunderland,1,0,2017-04-26,3413,2016,132856,0,0,0,0,0,0,0,0.0,35.0,0.0,0.0,0.0,12.0,0.0,5.0,30.0,7.0,3.0,0.0,538.0,0.0,0.0,278.0,2.0,1.0,0.0,2.3,20452.0,15.6,0.0,2017-04-26T18:45:00Z,26 Apr 19:45,0.0,0.0,90.0,2.0,1.0,12.0,0.0,0.0,0.0,0.0,6.0,0.0,34.0,0.0,1487.0,4.0,1.0,0.0,0.0,1.0,0.0,2.0,6.0,29.0,23.0,43.0,False,0.0,0.0
98,0,0,0,90,DL,Sunderland,West Ham,2,2,2017-04-15,3464,2016,134874,0,0,0,0,0,0.12289265543222427,0.12289265543222427,0.0,30.0,0.0,0.0,0.0,18.0,0.0,5.0,26.0,7.5,0.0,0.0,538.0,0.0,0.0,327.0,0.0,2.0,0.0,2.4,19728.0,14.8,0.0,2017-04-15T14:00:00Z,15 Apr 15:00,0.0,0.0,88.0,0.0,1.0,20.0,0.0,0.0,0.0,0.0,2.0,0.0,33.0,0.0,1467.0,1.0,3.0,0.0,2.0,2.0,2.0,1.0,6.0,30.0,24.0,43.0,True,0.0,0.0
99,0,1,0.022910647094249725,52,Sub,Sunderland,Manchester United,0,3,2017-04-09,3452,2016,133697,0,0,0,0,0.022910647094249725,0.022910647094249725,0,0.0,10.0,0.0,0.0,0.0,6.0,0.0,4.0,9.0,0.4,1.0,0.0,538.0,0.0,0.0,317.0,1.0,2.0,0.0,0.6,19066.0,4.8,0.0,2017-04-09T12:30:00Z,09 Apr 13:30,0.0,0.0,52.0,0.0,0.0,11.0,0.0,0.0,0.0,0.0,3.0,0.0,32.0,0.0,1449.0,3.0,2.0,1.0,3.0,0.0,1.0,0.0,-4.0,6.0,10.0,43.0,True,0.0,0.0
100,0,0,0,1,Sub,Everton,Sunderland,2,0,2017-02-25,3393,2016,131621,0,0,0,0,0,0,0,0.0,1.0,0.0,0.0,0.0,4.0,0.0,2.0,1.0,0.0,0.0,0.0,538.0,0.0,0.0,253.0,0.0,0.0,0.0,0.3,15490.0,3.0,0.0,2017-02-25T15:00:00Z,25 Feb 15:00,0.0,0.0,1.0,0.0,0.0,6.0,0.0,0.0,0.0,0.0,0.0,0.0,26.0,0.0,1420.0,0.0,0.0,0.0,0.0,2.0,0.0,1.0,-14.0,25.0,39.0,43.0,False,0.0,0.0
101,0,0,0,90,DML,Sunderland,Tottenham,0,0,2017-01-31,3364,2016,132236,0,0,0,0,0,0,0,0.0,16.0,0.0,0.0,0.0,19.0,1.0,7.0,10.0,1.2,1.0,0.0,538.0,0.0,0.0,225.0,2.0,0.0,0.0,1.7,13655.0,16.0,0.0,2017-01-31T19:45:00Z,31 Jan 19:45,0.0,0.0,90.0,0.0,0.0,17.0,0.0,0.0,0.0,0.0,4.0,0.0,23.0,0.0,1296.0,1.0,1.0,0.0,0.0,0.0,0.0,5.0,-47.0,7.0,54.0,43.0,True,0.0,1.0
102,0,0,0,23,Sub,Sunderland,Liverpool,2,2,2017-01-02,3334,2016,129763,0,0,0,0,0,0,0,0.0,5.0,0.0,0.0,0.0,2.0,0.0,1.0,5.0,0.3,0.0,0.0,538.0,0.0,0.0,197.0,0.0,1.0,0.0,0.4,11766.0,1.4,0.0,2017-01-02T15:00:00Z,02 Jan 15:00,0.0,0.0,26.0,0.0,0.0,9.0,0.0,0.0,0.0,0.0,3.0,0.0,20.0,0.0,1362.0,2.0,0.0,0.0,2.0,2.0,2.0,1.0,-44.0,11.0,55.0,43.0,True,0.0,0.0
103,0,0,0,3,Sub,Swansea,Sunderland,3,0,2016-12-10,3117,2016,130378,0,0,0,0,0,0,0,0.0,1.0,0.0,0.0,0.0,2.0,0.0,0.0,0.0,0.0,0.0,0.0,538.0,0.0,0.0,147.0,0.0,0.0,0.0,0.0,8686.0,0.0,0.0,2016-12-10T15:00:00Z,10 Dec 15:00,0.0,0.0,6.0,0.0,0.0,16.0,0.0,0.0,0.0,0.0,0.0,0.0,15.0,0.0,1665.0,1.0,0.0,0.0,0.0,3.0,0.0,1.0,-47.0,19.0,66.0,44.0,False,0.0,0.0
104,0,0,0,1,Sub,Sunderland,Leicester,2,1,2016-12-03,3108,2016,128822,0,0,0,0,0,0,0,0.0,0.0,0.0,0.0,0.0,3.0,0.0,0.0,0.0,0.0,0.0,0.0,538.0,0.0,0.0,137.0,0.0,0.0,0.0,0.0,8081.0,0.0,0.0,2016-12-03T15:00:00Z,03 Dec 15:00,0.0,0.0,6.0,0.0,0.0,8.0,0.0,0.0,0.0,0.0,0.0,0.0,14.0,0.0,1688.0,0.0,0.0,0.0,1.0,2.0,0.0,1.0,-76.0,23.0,99.0,44.0,True,0.0,0.0
105,0,0,0,90,DR,West Ham,Sunderland,1,0,2016-10-22,542,2016,127472,0,0,0,0,0,0.09094278514385223,0.09094278514385223,0.0,18.0,0.0,0.0,0.0,5.0,0.0,5.0,12.0,1.0,0.0,0.0,538.0,0.0,0.0,90.0,1.0,1.0,0.0,0.8,5085.0,7.2,0.0,2016-10-22T14:00:00Z,22 Oct 15:00,0.0,0.0,90.0,0.0,0.0,20.0,0.0,0.0,0.0,0.0,1.0,0.0,9.0,0.0,1930.0,2.0,0.0,0.0,0.0,1.0,0.0,2.0,-30.0,107.0,137.0,45.0,False,0.0,0.0
106,0,1,0.08938925713300705,90,DR,Stoke,Sunderland,2,0,2016-10-15,535,2016,126927,0,0,0,0,0.08938925713300705,0.14367400109767914,0.05428474396467209,0.0,26.0,0.0,0.0,0.0,7.0,0.0,6.0,22.0,2.1,0.0,0.0,538.0,0.0,0.0,79.0,2.0,2.0,0.0,3.5,4493.0,10.6,0.0,2016-10-15T14:00:00Z,15 Oct 15:00,0.0,0.0,90.0,0.0,0.0,14.0,0.0,0.0,0.0,0.0,5.0,0.0,8.0,0.0,1915.0,1.0,0.0,0.0,0.0,2.0,22.0,1.0,60.0,167.0,107.0,45.0,False,0.0,0.0
107,0,0,0,90,DR,Sunderland,West Bromwich Albion,1,1,2016-10-01,523,2016,127266,0,0,0,0,0,0,0,0.0,35.0,0.0,0.0,0.0,14.0,0.0,6.0,27.0,2.6,1.0,0.0,538.0,0.0,0.0,66.0,0.0,1.0,0.0,2.6,3904.0,21.8,0.0,2016-10-01T14:00:00Z,01 Oct 15:00,0.0,0.0,90.0,0.0,0.0,19.0,0.0,0.0,0.0,0.0,3.0,0.0,7.0,0.0,1749.0,3.0,2.0,0.0,1.0,1.0,2.0,2.0,126.0,260.0,134.0,45.0,True,0.0,0.0
108,0,0,0,90,DR,Sunderland,Crystal Palace,2,3,2016-09-24,514,2016,126718,0.07805106788873672,0,1,0,0,0.09811929613351822,0.09811929613351822,0.0,29.0,0.0,0.0,0.0,14.0,0.0,7.0,21.0,12.3,1.0,0.0,538.0,0.0,0.0,57.0,2.0,3.0,0.0,2.6,3318.0,13.2,1.0,2016-09-24T14:00:00Z,24 Sep 15:00,0.0,0.0,90.0,0.0,0.0,5.0,0.0,0.0,0.0,0.0,3.0,0.0,6.0,0.0,1531.0,0.0,2.0,0.0,3.0,2.0,0.0,1.0,237.0,379.0,142.0,45.0,True,0.0,0.0
109,0,0,0,90,DL,Tottenham,Sunderland,1,0,2016-09-18,510,2016,126456,0.03614325076341629,0,1,0,0,0.03614325076341629,0,0.0,16.0,0.0,0.0,0.0,6.0,0.0,4.0,15.0,14.7,1.0,0.0,538.0,0.0,0.0,49.0,1.0,1.0,0.0,2.7,2734.0,12.4,1.0,2016-09-18T15:30:00Z,18 Sep 16:30,0.0,0.0,90.0,0.0,1.0,17.0,0.0,0.0,0.0,0.0,4.0,0.0,5.0,0.0,1184.0,2.0,0.0,0.0,0.0,1.0,0.0,1.0,80.0,169.0,89.0,45.0,False,0.0,1.0
110,0,0,0,90,DR,Sunderland,Everton,0,3,2016-09-12,500,2016,126163,0.022647768259048462,0,1,0,0,0.10827957093715668,0.08563180267810822,0.0,23.0,0.0,0.0,0.0,9.0,0.0,3.0,16.0,12.7,1.0,0.0,538.0,0.0,0.0,40.0,0.0,3.0,0.0,2.8,2153.0,13.4,1.0,2016-09-12T19:00:00Z,12 Sep 20:00,0.0,0.0,90.0,0.0,0.0,6.0,0.0,0.0,0.0,0.0,3.0,0.0,4.0,0.0,994.0,1.0,0.0,0.0,3.0,0.0,2.0,1.0,437.0,681.0,244.0,45.0,True,0.0,0.0
111,0,0,0,90,DR,Southampton,Sunderland,1,1,2016-08-27,484,2016,125871,0,0,0,0,0,0,0,0.0,29.0,0.0,0.0,0.0,6.0,0.0,3.0,18.0,5.8,0.0,0.0,538.0,0.0,0.0,26.0,1.0,1.0,0.0,1.6,1603.0,8.2,0.0,2016-08-27T14:00:00Z,27 Aug 15:00,0.0,0.0,90.0,0.0,1.0,13.0,0.0,0.0,0.0,0.0,3.0,0.0,3.0,0.0,192.0,2.0,0.0,0.0,1.0,1.0,2.0,2.0,131.0,156.0,25.0,45.0,False,0.0,0.0
112,0,1,0.01566424034535885,90,DL,Troyes,Marseille,1,1,2016-05-14,2242,2015,76532,0.05590955168008804,0,1,0,0.01566424034535885,0.2497037798166275,0.2340395450592041,,,,,,,,,,,,,,,,,,,,,,,,,,,,,,,,,,,,,,,,,,,,,,,,,,,,,,
113,0,0,0,90,DR,Angers,Marseille,0,1,2016-05-01,2227,2015,75666,0.16116106510162354,0,2,0,0,0.27843180298805237,0.22973331809043884,,,,,,,,,,,,,,,,,,,,,,,,,,,,,,,,,,,,,,,,,,,,,,,,,,,,,,
114,0,0,0,90,DR,Marseille,Nantes,1,1,2016-04-24,2211,2015,75404,0.4199311137199402,1,1,0,0,0.4199311137199402,0,,,,,,,,,,,,,,,,,,,,,,,,,,,,,,,,,,,,,,,,,,,,,,,,,,,,,,
115,0,0,0,90,DR,Monaco,Marseille,2,1,2016-04-17,2208,2015,76557,0,0,0,0,0,0.29847046732902527,0.29847046732902527,,,,,,,,,,,,,,,,,,,,,,,,,,,,,,,,,,,,,,,,,,,,,,,,,,,,,,
116,0,0,0,90,DR,Marseille,Bordeaux,0,0,2016-04-10,2198,2015,76209,0,0,0,0,0,0.07058658450841904,0.07058658450841904,,,,,,,,,,,,,,,,,,,,,,,,,,,,,,,,,,,,,,,,,,,,,,,,,,,,,,
117,0,0,0,90,DL,SC Bastia,Marseille,2,1,2016-04-03,2187,2015,75005,0,0,0,0,0,0.047926586121320724,0.047926586121320724,,,,,,,,,,,,,,,,,,,,,,,,,,,,,,,,,,,,,,,,,,,,,,,,,,,,,,
118,0,1,0.012208967469632626,90,DL,Marseille,Rennes,2,5,2016-03-18,2169,2015,74467,0.5122987627983093,0,1,0,0.012208967469632626,0.6682165861129761,0.14370888471603394,,,,,,,,,,,,,,,,,,,,,,,,,,,,,,,,,,,,,,,,,,,,,,,,,,,,,,
119,0,0,0,90,DR,Lorient,Marseille,1,1,2016-03-12,2160,2015,74728,0,0,0,0,0,0.05577841028571129,0.05577841028571129,,,,,,,,,,,,,,,,,,,,,,,,,,,,,,,,,,,,,,,,,,,,,,,,,,,,,,
120,0,0,0,90,DR,GFC Ajaccio,Marseille,1,1,2016-03-09,2158,2015,78001,0,0,0,0,0,0.068580262362957,0.068580262362957,,,,,,,,,,,,,,,,,,,,,,,,,,,,,,,,,,,,,,,,,,,,,,,,,,,,,,
121,0,0,0,90,DR,Marseille,Toulouse,1,1,2016-03-06,2154,2015,74077,0.1383131891489029,0,1,0,0,0.1980655938386917,0.05975240468978882,,,,,,,,,,,,,,,,,,,,,,,,,,,,,,,,,,,,,,,,,,,,,,,,,,,,,,
122,0,0,0,90,DL,Marseille,Saint-Etienne,1,1,2016-02-21,2135,2015,77742,0,0,0,0,0,0.02128477394580841,0.02128477394580841,,,,,,,,,,,,,,,,,,,,,,,,,,,,,,,,,,,,,,,,,,,,,,,,,,,,,,
123,0,1,0.013898772187530994,90,DL,Nice,Marseille,1,1,2016-02-15,2128,2015,77452,0,0,0,0,0.013898772187530994,0.055482830852270126,0.055482830852270126,,,,,,,,,,,,,,,,,,,,,,,,,,,,,,,,,,,,,,,,,,,,,,,,,,,,,,
124,0,0,0,90,DL,Marseille,Paris Saint Germain,1,2,2016-02-08,2118,2015,77187,0,0,0,0,0,0.05646979808807373,0.05646979808807373,,,,,,,,,,,,,,,,,,,,,,,,,,,,,,,,,,,,,,,,,,,,,,,,,,,,,,
125,0,0,0,90,DL,Montpellier,Marseille,0,1,2016-02-03,2100,2015,76867,0,0,0,0,0,0.021038053557276726,0.021038053557276726,,,,,,,,,,,,,,,,,,,,,,,,,,,,,,,,,,,,,,,,,,,,,,,,,,,,,,
126,0,1,0.034667812287807465,47,DL,Marseille,Lille,1,1,2016-01-29,2089,2015,73829,0,0,0,0,0.034667812287807465,0.2718656361103058,0.23719781637191772,,,,,,,,,,,,,,,,,,,,,,,,,,,,,,,,,,,,,,,,,,,,,,,,,,,,,,
127,0,0,0,90,DL,Lyon,Marseille,1,1,2016-01-25,2088,2015,73593,0,0,0,0,0,0,0,,,,,,,,,,,,,,,,,,,,,,,,,,,,,,,,,,,,,,,,,,,,,,,,,,,,,,
128,0,0,0,90,DL,Caen,Marseille,1,3,2016-01-17,2077,2015,73370,0,0,0,0,0,0.6853628158569336,0.6853628158569336,,,,,,,,,,,,,,,,,,,,,,,,,,,,,,,,,,,,,,,,,,,,,,,,,,,,,,
129,0,1,0.07698030024766922,90,DL,Marseille,Guingamp,0,0,2016-01-11,2068,2015,72995,0.04152994975447655,0,2,0,0.07698030024766922,0.20020385086536407,0.09747978299856186,,,,,,,,,,,,,,,,,,,,,,,,,,,,,,,,,,,,,,,,,,,,,,,,,,,,,,
130,0,0,0,90,DR,Bordeaux,Marseille,1,1,2015-12-21,2058,2015,72281,0,0,0,0,0,0,0,,,,,,,,,,,,,,,,,,,,,,,,,,,,,,,,,,,,,,,,,,,,,,,,,,,,,,
131,0,0,0,46,DL,Marseille,Montpellier,2,2,2015-12-06,2036,2015,72604,0,0,0,0,0,0.37624695897102356,0.37624695897102356,,,,,,,,,,,,,,,,,,,,,,,,,,,,,,,,,,,,,,,,,,,,,,,,,,,,,,
132,0,0,0,90,DL,Saint-Etienne,Marseille,0,2,2015-11-23,2008,2015,70702,0.012289034202694893,0,1,0,0,0.233566552400589,0.233566552400589,,,,,,,,,,,,,,,,,,,,,,,,,,,,,,,,,,,,,,,,,,,,,,,,,,,,,,
133,0,0,0,82,DR,Marseille,Nice,0,1,2015-11-08,1996,2015,71053,0.052445460110902786,0,1,0,0,0.1266724020242691,0.07422693818807602,,,,,,,,,,,,,,,,,,,,,,,,,,,,,,,,,,,,,,,,,,,,,,,,,,,,,,
134,0,0,0,90,DR,Nantes,Marseille,0,1,2015-11-02,1987,2015,71367,0,0,0,0,0,0,0,,,,,,,,,,,,,,,,,,,,,,,,,,,,,,,,,,,,,,,,,,,,,,,,,,,,,,
135,0,0,0,90,DR,Lille,Marseille,1,2,2015-10-25,1975,2015,70336,0,0,0,0,0,0.061891108751297,0.061891108751297,,,,,,,,,,,,,,,,,,,,,,,,,,,,,,,,,,,,,,,,,,,,,,,,,,,,,,
136,0,1,0.06350363045930862,90,DR,Marseille,Lorient,1,1,2015-10-18,1965,2015,69989,0,0,0,0,0.06350363045930862,0.46941637992858887,0.40591275691986084,,,,,,,,,,,,,,,,,,,,,,,,,,,,,,,,,,,,,,,,,,,,,,,,,,,,,,
137,0,0,0,90,DR,Paris Saint Germain,Marseille,2,1,2015-10-04,1957,2015,69783,0,0,0,0,0,0.6140648722648621,0.6140648722648621,,,,,,,,,,,,,,,,,,,,,,,,,,,,,,,,,,,,,,,,,,,,,,,,,,,,,,
138,0,0,0,70,DR,Marseille,Angers,1,2,2015-09-27,1944,2015,71269,0.034894444048404694,0,2,0,0,0.15165148675441742,0.15165148675441742,,,,,,,,,,,,,,,,,,,,,,,,,,,,,,,,,,,,,,,,,,,,,,,,,,,,,,
139,0,0,0,90,DR,Marseille,Lyon,1,1,2015-09-20,1928,2015,68664,0.10395581275224686,0,3,0,0,0.3859787583351135,0.28202295303344727,,,,,,,,,,,,,,,,,,,,,,,,,,,,,,,,,,,,,,,,,,,,,,,,,,,,,,
140,0,0,0,90,DR,Marseille,SC Bastia,4,1,2015-09-13,1918,2015,68879,0,0,1,0,0,0.4613078236579895,0.4613078236579895,,,,,,,,,,,,,,,,,,,,,,,,,,,,,,,,,,,,,,,,,,,,,,,,,,,,,,
141,0,1,0.019958797842264175,90,DR,Guingamp,Marseille,2,0,2015-08-28,1899,2015,69197,0.03310190141201019,0,1,0,0.019958797842264175,0.08541553467512131,0.03235483169555664,,,,,,,,,,,,,,,,,,,,,,,,,,,,,,,,,,,,,,,,,,,,,,,,,,,,,,
142,0,0,0,90,DR,Marseille,Troyes,6,0,2015-08-23,1898,2015,68269,0,0,0,0,0,0.5181863903999329,0.5181863903999329,,,,,,,,,,,,,,,,,,,,,,,,,,,,,,,,,,,,,,,,,,,,,,,,,,,,,,
143,0,0,0,90,MR,Liverpool,Swansea,4,1,2014-12-29,4648,2014,21350,0,0,0,0,0,0.49992474913597107,0.49992474913597107,,,,,,,,,,,,,,,,,,,,,,,,,,,,,,,,,,,,,,,,,,,,,,,,,,,,,,
144,0,0,0,48,DR,Leicester,Liverpool,1,3,2014-12-02,4590,2014,21874,0,0,0,0,0,0,0,,,,,,,,,,,,,,,,,,,,,,,,,,,,,,,,,,,,,,,,,,,,,,,,,,,,,,
145,0,1,0.06213338300585747,90,DR,Crystal Palace,Liverpool,3,1,2014-11-23,4676,2014,19139,0,0,0,0,0.06213338300585747,0.40391501784324646,0.3417816460132599,,,,,,,,,,,,,,,,,,,,,,,,,,,,,,,,,,,,,,,,,,,,,,,,,,,,,,
146,0,0,0,90,DR,Liverpool,Hull,0,0,2014-10-25,4713,2014,20092,0,0,0,0,0,0.11918255686759949,0.11918255686759949,,,,,,,,,,,,,,,,,,,,,,,,,,,,,,,,,,,,,,,,,,,,,,,,,,,,,,
147,0,1,0.01707487739622593,66,DR,Liverpool,West Bromwich Albion,2,1,2014-10-04,4691,2014,19842,0,0,0,0,0.01707487739622593,0.29354774951934814,0.27647286653518677,,,,,,,,,,,,,,,,,,,,,,,,,,,,,,,,,,,,,,,,,,,,,,,,,,,,,,
148,0,0,0,90,DR,Liverpool,Everton,1,1,2014-09-27,4739,2014,18519,0,0,0,0,0,0.21562182903289795,0.21562182903289795,,,,,,,,,,,,,,,,,,,,,,,,,,,,,,,,,,,,,,,,,,,,,,,,,,,,,,
149,0,0,0,21,DR,West Ham,Liverpool,3,1,2014-09-20,4734,2014,18395,0,0,0,0,0,0,0,,,,,,,,,,,,,,,,,,,,,,,,,,,,,,,,,,,,,,,,,,,,,,,,,,,,,,
150,0,0,0,90,DR,Liverpool,Aston Villa,0,1,2014-09-13,4726,2014,17966,0.07267219573259354,0,1,0,0,0.2041974663734436,0.2041974663734436,,,,,,,,,,,,,,,,,,,,,,,,,,,,,,,,,,,,,,,,,,,,,,,,,,,,,,
151,0,0,0,90,DR,Tottenham,Liverpool,0,3,2014-08-31,4777,2014,17815,0,0,0,0,0,0.34547486901283264,0.34547486901283264,,,,,,,,,,,,,,,,,,,,,,,,,,,,,,,,,,,,,,,,,,,,,,,,,,,,,,
152,0,0,0,90,DR,Liverpool,Southampton,2,1,2014-08-17,4756,2014,17108,0,0,0,0,0,0.08771437406539917,0.08771437406539917,,,,,,,,,,,,,,,,,,,,,,,,,,,,,,,,,,,,,,,,,,,,,,,,,,,,,,
153,,,,,,,,,,2017-09-16,,,,,,,,,,,0.0,0.0,0.0,0.0,0.0,0.0,0.0,0.0,0.0,0.0,0.0,0.0,477.0,0.0,0.0,45.0,0.0,0.0,0.0,0.0,2579.0,0.0,0.0,2017-09-16T14:00:00Z,16 Sep 15:00,0.0,0.0,0.0,0.0,0.0,15.0,0.0,0.0,0.0,0.0,0.0,0.0,5.0,0.0,58394.0,0.0,0.0,0.0,1.0,2.0,0.0,0.0,2204.0,5833.0,3629.0,45.0,True,0.0,0.0
154,,,,,,,,,,2017-09-24,,,,,,,,,,,0.0,0.0,0.0,0.0,0.0,0.0,0.0,0.0,0.0,0.0,0.0,0.0,477.0,0.0,0.0,59.0,0.0,0.0,0.0,0.0,3125.0,0.0,0.0,2017-09-24T15:00:00Z,24 Sep 16:00,0.0,0.0,0.0,0.0,0.0,3.0,0.0,0.0,0.0,0.0,0.0,0.0,6.0,0.0,52953.0,0.0,0.0,0.0,0.0,1.0,0.0,0.0,-6195.0,1733.0,7928.0,45.0,False,0.0,0.0
155,,,,,,,,,,2017-11-28,,,,,,,,,,,0.0,0.0,0.0,0.0,0.0,0.0,0.0,0.0,0.0,0.0,0.0,0.0,477.0,0.0,0.0,134.0,0.0,0.0,0.0,0.0,7613.0,0.0,0.0,2017-11-28T20:00:00Z,28 Nov 20:00,0.0,0.0,0.0,0.0,0.0,19.0,0.0,0.0,0.0,0.0,0.0,0.0,14.0,0.0,75092.0,0.0,0.0,0.0,2.0,2.0,0.0,0.0,-1836.0,2291.0,4127.0,44.0,False,0.0,0.0
156,,,,,,,,,,2017-12-30,,,,,,,,,,,0.0,0.0,0.0,0.0,0.0,0.0,0.0,0.0,0.0,0.0,0.0,0.0,477.0,0.0,0.0,207.0,0.0,0.0,0.0,0.0,11620.0,0.0,0.0,2017-12-30T15:00:00Z,30 Dec 15:00,0.0,0.0,0.0,0.0,0.0,3.0,0.0,0.0,0.0,0.0,0.0,0.0,21.0,0.0,62119.0,0.0,0.0,0.0,0.0,0.0,0.0,0.0,914.0,3655.0,2741.0,44.0,True,0.0,0.0
157,,,,,,,,,,2018-01-13,,,,,,,,,,,0.0,0.0,0.0,0.0,0.0,0.0,0.0,0.0,0.0,0.0,0.0,0.0,477.0,0.0,0.0,227.0,0.0,0.0,0.0,0.0,12842.0,0.0,0.0,2018-01-13T15:00:00Z,13 Jan 15:00,0.0,0.0,0.0,0.0,0.0,16.0,0.0,0.0,0.0,0.0,0.0,0.0,23.0,0.0,58158.0,0.0,0.0,0.0,1.0,1.0,0.0,0.0,29.0,3808.0,3779.0,44.0,True,0.0,0.0
158,,,,,,,,,,2018-01-31,,,,,,,,,,,0.0,0.0,0.0,0.0,0.0,0.0,0.0,0.0,0.0,0.0,0.0,0.0,477.0,0.0,0.0,247.0,0.0,0.0,0.0,0.0,14043.0,0.0,0.0,2018-01-31T19:45:00Z,31 Jan 19:45,0.0,0.0,0.0,0.0,0.0,4.0,0.0,0.0,0.0,0.0,0.0,0.0,25.0,0.0,51499.0,0.0,0.0,0.0,1.0,1.0,0.0,0.0,-1915.0,500.0,2415.0,44.0,True,0.0,0.0
159,,,,,,,,,,2018-02-04,,,,,,,,,,,0.0,0.0,0.0,0.0,0.0,0.0,0.0,0.0,0.0,0.0,0.0,0.0,477.0,0.0,0.0,255.0,0.0,0.0,0.0,0.0,14656.0,0.0,0.0,2018-02-04T14:15:00Z,04 Feb 14:15,0.0,0.0,0.0,0.0,0.0,6.0,0.0,0.0,0.0,0.0,0.0,0.0,26.0,0.0,49045.0,0.0,0.0,0.0,1.0,1.0,0.0,0.0,-2479.0,138.0,2617.0,44.0,False,0.0,0.0
160,,,,,,,,,,2018-02-11,,,,,,,,,,,0.0,0.0,0.0,0.0,0.0,0.0,0.0,0.0,0.0,0.0,0.0,0.0,477.0,0.0,0.0,265.0,0.0,0.0,0.0,0.0,15281.0,0.0,0.0,2018-02-11T14:15:00Z,11 Feb 14:15,0.0,0.0,0.0,0.0,0.0,12.0,0.0,0.0,0.0,0.0,0.0,0.0,27.0,0.0,46271.0,0.0,0.0,0.0,0.0,1.0,0.0,0.0,-2810.0,123.0,2933.0,44.0,True,0.0,0.0
161,,,,,,,,,,2018-03-03,,,,,,,,,,,0.0,0.0,0.0,0.0,0.0,0.0,0.0,0.0,0.0,0.0,0.0,0.0,477.0,0.0,0.0,285.0,0.0,0.0,0.0,0.0,16538.0,0.0,0.0,2018-03-03T17:30:00Z,03 Mar 17:30,0.0,0.0,0.0,0.0,0.0,10.0,0.0,0.0,0.0,0.0,0.0,0.0,29.0,0.0,43484.0,0.0,0.0,0.0,0.0,2.0,0.0,0.0,-889.0,130.0,1019.0,43.0,False,0.0,0.0
162,,,,,,,,,,2018-03-10,,,,,,,,,,,0.0,0.0,0.0,0.0,0.0,0.0,0.0,0.0,0.0,0.0,0.0,0.0,477.0,0.0,0.0,297.0,0.0,0.0,0.0,0.0,17171.0,0.0,0.0,2018-03-10T15:00:00Z,10 Mar 15:00,0.0,0.0,0.0,0.0,0.0,14.0,0.0,0.0,0.0,0.0,0.0,0.0,30.0,0.0,42629.0,0.0,0.0,0.0,0.0,3.0,0.0,0.0,-1047.0,141.0,1188.0,43.0,True,0.0,0.0
163,,,,,,,,,,2018-03-31,,,,,,,,,,,0.0,0.0,0.0,0.0,0.0,0.0,0.0,0.0,0.0,0.0,0.0,0.0,477.0,0.0,0.0,317.0,0.0,0.0,0.0,0.0,18072.0,0.0,0.0,2018-03-31T14:00:00Z,31 Mar 15:00,0.0,0.0,0.0,0.0,0.0,8.0,0.0,0.0,0.0,0.0,0.0,0.0,32.0,0.0,40994.0,0.0,0.0,0.0,0.0,1.0,0.0,0.0,-667.0,161.0,828.0,43.0,True,0.0,0.0
164,,,,,,,,,,2018-04-07,,,,,,,,,,,0.0,0.0,0.0,0.0,0.0,0.0,0.0,0.0,0.0,0.0,0.0,0.0,477.0,0.0,0.0,326.0,0.0,0.0,0.0,0.0,18709.0,0.0,0.0,2018-04-07T14:00:00Z,07 Apr 15:00,0.0,0.0,0.0,0.0,0.0,9.0,0.0,0.0,0.0,0.0,0.0,0.0,33.0,0.0,40203.0,0.0,0.0,0.0,2.0,1.0,0.0,0.0,-803.0,45.0,848.0,43.0,False,0.0,0.0
165,,,,,,,,,,2018-04-15,,,,,,,,,,,0.0,0.0,0.0,0.0,0.0,0.0,0.0,0.0,0.0,0.0,0.0,0.0,477.0,0.0,0.0,336.0,0.0,0.0,0.0,0.0,19535.0,0.0,0.0,2018-04-15T12:30:00Z,15 Apr 13:30,0.0,0.0,0.0,0.0,0.0,1.0,0.0,0.0,0.0,0.0,0.0,0.0,34.0,0.0,39139.0,0.0,0.0,0.0,1.0,2.0,0.0,0.0,-919.0,26.0,945.0,43.0,True,0.0,0.0
166,,,,,,,,,,2018-04-23,,,,,,,,,,,0.0,0.0,0.0,0.0,0.0,0.0,0.0,0.0,0.0,0.0,0.0,0.0,477.0,0.0,0.0,345.0,0.0,0.0,0.0,0.0,20040.0,0.0,0.0,2018-04-23T19:00:00Z,23 Apr 20:00,0.0,0.0,0.0,0.0,0.0,7.0,0.0,0.0,0.0,0.0,0.0,0.0,35.0,0.0,38946.0,0.0,0.0,0.0,0.0,1.0,0.0,0.0,-399.0,156.0,555.0,42.0,False,0.0,0.0
167,,,,,,,,,,2018-04-28,,,,,,,,,,,0.0,0.0,0.0,0.0,0.0,0.0,0.0,0.0,0.0,0.0,0.0,0.0,477.0,0.0,0.0,356.0,0.0,0.0,0.0,0.0,20634.0,0.0,0.0,2018-04-28T14:00:00Z,28 Apr 15:00,0.0,0.0,0.0,0.0,0.0,19.0,0.0,0.0,0.0,0.0,0.0,0.0,36.0,0.0,38515.0,0.0,0.0,0.0,1.0,0.0,0.0,0.0,-436.0,136.0,572.0,42.0,True,0.0,0.0
168,,,,,,,,,,2018-05-09,,,,,,,,,,,0.0,0.0,0.0,0.0,0.0,0.0,0.0,0.0,0.0,0.0,0.0,0.0,477.0,0.0,0.0,309.0,0.0,0.0,0.0,0.0,21557.0,0.0,0.0,2018-05-09T19:00:00Z,09 May 20:00,0.0,0.0,0.0,0.0,0.0,17.0,0.0,0.0,0.0,0.0,0.0,0.0,37.0,0.0,38067.0,0.0,0.0,0.0,0.0,1.0,0.0,0.0,-430.0,143.0,573.0,42.0,False,0.0,0.0
169,,,,,,,,,,2018-05-13,,,,,,,,,,,0.0,0.0,0.0,0.0,0.0,0.0,0.0,0.0,0.0,0.0,0.0,0.0,477.0,0.0,0.0,376.0,0.0,0.0,0.0,0.0,22298.0,0.0,0.0,2018-05-13T14:00:00Z,13 May 15:00,0.0,0.0,0.0,0.0,0.0,5.0,0.0,0.0,0.0,0.0,0.0,0.0,38.0,0.0,37851.0,0.0,0.0,0.0,0.0,3.0,0.0,0.0,-234.0,157.0,391.0,42.0,True,0.0,0.0
170,,,,,,,,,,2016-10-29,,,,,,,,,,,0.0,0.0,0.0,0.0,0.0,0.0,0.0,0.0,0.0,0.0,0.0,0.0,538.0,0.0,0.0,97.0,0.0,0.0,0.0,0.0,5679.0,0.0,0.0,2016-10-29T11:30:00Z,29 Oct 12:30,0.0,0.0,0.0,0.0,0.0,1.0,0.0,0.0,0.0,0.0,0.0,0.0,10.0,0.0,1914.0,0.0,0.0,0.0,4.0,1.0,0.0,0.0,-65.0,66.0,131.0,45.0,True,0.0,0.0
171,,,,,,,,,,2016-11-05,,,,,,,,,,,0.0,0.0,0.0,0.0,0.0,0.0,0.0,0.0,0.0,0.0,0.0,0.0,538.0,0.0,0.0,102.0,0.0,0.0,0.0,0.0,6277.0,0.0,0.0,2016-11-05T15:00:00Z,05 Nov 15:00,0.0,0.0,0.0,0.0,0.0,2.0,0.0,0.0,0.0,0.0,0.0,0.0,11.0,0.0,1887.0,0.0,0.0,0.0,2.0,1.0,0.0,0.0,-73.0,76.0,149.0,45.0,False,0.0,0.0
172,,,,,,,,,,2016-11-19,,,,,,,,,,,0.0,0.0,0.0,0.0,0.0,0.0,0.0,0.0,0.0,0.0,0.0,0.0,538.0,0.0,0.0,117.0,0.0,0.0,0.0,0.0,6876.0,0.0,0.0,2016-11-19T15:00:00Z,19 Nov 15:00,0.0,0.0,0.0,0.0,0.0,7.0,0.0,0.0,0.0,0.0,0.0,0.0,12.0,0.0,1848.0,0.0,0.0,0.0,0.0,3.0,0.0,0.0,-102.0,87.0,189.0,45.0,True,0.0,0.0
173,,,,,,,,,,2016-11-26,,,,,,,,,,,0.0,0.0,0.0,0.0,0.0,0.0,0.0,0.0,0.0,0.0,0.0,0.0,538.0,0.0,0.0,126.0,0.0,0.0,0.0,0.0,7477.0,0.0,0.0,2016-11-26T15:00:00Z,26 Nov 15:00,0.0,0.0,0.0,0.0,0.0,9.0,0.0,0.0,0.0,0.0,0.0,0.0,13.0,0.0,1738.0,0.0,0.0,0.0,0.0,2.0,0.0,0.0,-128.0,23.0,151.0,45.0,False,0.0,0.0
174,,,,,,,,,,2016-12-14,,,,,,,,,,,0.0,0.0,0.0,0.0,0.0,0.0,0.0,0.0,0.0,0.0,0.0,0.0,538.0,0.0,0.0,152.0,0.0,0.0,0.0,0.0,9296.0,0.0,0.0,2016-12-14T19:45:00Z,14 Dec 19:45,0.0,0.0,0.0,0.0,0.0,4.0,0.0,0.0,0.0,0.0,0.0,0.0,16.0,0.0,1639.0,0.0,0.0,0.0,1.0,0.0,0.0,0.0,-42.0,9.0,51.0,44.0,True,0.0,0.0
175,,,,,,,,,,2016-12-17,,,,,,,,,,,0.0,0.0,0.0,0.0,0.0,0.0,0.0,0.0,0.0,0.0,0.0,0.0,538.0,0.0,0.0,167.0,0.0,0.0,0.0,0.0,9910.0,0.0,0.0,2016-12-17T15:00:00Z,17 Dec 15:00,0.0,0.0,0.0,0.0,0.0,18.0,0.0,0.0,0.0,0.0,0.0,0.0,17.0,0.0,1553.0,0.0,0.0,0.0,0.0,1.0,0.0,0.0,-93.0,5.0,98.0,44.0,True,0.0,0.0
176,,,,,,,,,,2016-12-26,,,,,,,,,,,0.0,0.0,0.0,0.0,0.0,0.0,0.0,0.0,0.0,0.0,0.0,0.0,538.0,0.0,0.0,177.0,0.0,0.0,0.0,0.0,10526.0,0.0,0.0,2016-12-26T15:00:00Z,26 Dec 15:00,0.0,0.0,0.0,0.0,0.0,11.0,0.0,0.0,0.0,0.0,0.0,0.0,18.0,0.0,1462.0,0.0,0.0,0.0,1.0,3.0,0.0,0.0,-95.0,8.0,103.0,43.0,False,0.0,0.0
177,,,,,,,,,,2016-12-31,,,,,,,,,,,0.0,0.0,0.0,0.0,0.0,0.0,0.0,0.0,0.0,0.0,0.0,0.0,538.0,0.0,0.0,182.0,0.0,0.0,0.0,0.0,11144.0,0.0,0.0,2016-12-31T15:00:00Z,31 Dec 15:00,0.0,0.0,0.0,0.0,0.0,3.0,0.0,0.0,0.0,0.0,0.0,0.0,19.0,0.0,1399.0,0.0,0.0,0.0,1.0,4.0,0.0,0.0,-64.0,7.0,71.0,43.0,False,0.0,0.0
178,,,,,,,,,,2017-01-14,,,,,,,,,,,0.0,0.0,0.0,0.0,0.0,0.0,0.0,0.0,0.0,0.0,0.0,0.0,538.0,0.0,0.0,206.0,0.0,0.0,0.0,0.0,12390.0,0.0,0.0,2017-01-14T15:00:00Z,14 Jan 15:00,0.0,0.0,0.0,0.0,0.0,14.0,0.0,0.0,0.0,0.0,0.0,0.0,21.0,0.0,1373.0,0.0,0.0,0.0,3.0,1.0,0.0,0.0,-16.0,57.0,73.0,43.0,True,0.0,0.0
179,,,,,,,,,,2017-01-21,,,,,,,,,,,0.0,0.0,0.0,0.0,0.0,0.0,0.0,0.0,0.0,0.0,0.0,0.0,538.0,0.0,0.0,220.0,0.0,0.0,0.0,0.0,13021.0,0.0,0.0,2017-01-21T15:00:00Z,21 Jan 15:00,0.0,0.0,0.0,0.0,0.0,19.0,0.0,0.0,0.0,0.0,0.0,0.0,22.0,0.0,1341.0,0.0,0.0,0.0,0.0,2.0,0.0,0.0,-49.0,11.0,60.0,43.0,False,0.0,0.0
180,,,,,,,,,,2017-02-04,,,,,,,,,,,0.0,0.0,0.0,0.0,0.0,0.0,0.0,0.0,0.0,0.0,0.0,0.0,538.0,0.0,0.0,232.0,0.0,0.0,0.0,0.0,14298.0,0.0,0.0,2017-02-04T15:00:00Z,04 Feb 15:00,0.0,0.0,0.0,0.0,0.0,5.0,0.0,0.0,0.0,0.0,0.0,0.0,24.0,0.0,1395.0,0.0,0.0,0.0,4.0,0.0,0.0,0.0,86.0,107.0,21.0,43.0,False,0.0,0.0
181,,,,,,,,,,2017-02-11,,,,,,,,,,,0.0,0.0,0.0,0.0,0.0,0.0,0.0,0.0,0.0,0.0,0.0,0.0,538.0,0.0,0.0,248.0,0.0,0.0,0.0,0.0,14947.0,0.0,0.0,2017-02-11T15:00:00Z,11 Feb 15:00,0.0,0.0,0.0,0.0,0.0,13.0,0.0,0.0,0.0,0.0,0.0,0.0,25.0,0.0,1410.0,0.0,0.0,0.0,4.0,0.0,0.0,0.0,-4.0,40.0,44.0,43.0,True,0.0,0.0
182,,,,,,,,,,2017-03-05,,,,,,,,,,,0.0,0.0,0.0,0.0,0.0,0.0,0.0,0.0,0.0,0.0,0.0,0.0,538.0,0.0,0.0,265.0,0.0,0.0,0.0,0.0,16177.0,0.0,0.0,2017-03-05T16:00:00Z,05 Mar 16:00,0.0,0.0,0.0,0.0,0.0,10.0,0.0,0.0,0.0,0.0,0.0,0.0,27.0,0.0,1425.0,0.0,0.0,0.0,2.0,0.0,0.0,0.0,-11.0,22.0,33.0,43.0,True,0.0,0.0
183,,,,,,,,,,2017-03-18,,,,,,,,,,,0.0,0.0,0.0,0.0,0.0,0.0,0.0,0.0,0.0,0.0,0.0,0.0,538.0,0.0,0.0,287.0,0.0,0.0,0.0,0.0,17094.0,0.0,0.0,2017-03-18T15:00:00Z,18 Mar 15:00,0.0,0.0,0.0,0.0,0.0,3.0,0.0,0.0,0.0,0.0,0.0,0.0,29.0,0.0,1431.0,0.0,0.0,0.0,0.0,0.0,0.0,0.0,4.0,17.0,13.0,43.0,True,0.0,0.0
184,,,,,,,,,,2017-04-01,,,,,,,,,,,0.0,0.0,0.0,0.0,0.0,0.0,0.0,0.0,0.0,0.0,0.0,0.0,538.0,0.0,0.0,300.0,0.0,0.0,0.0,0.0,17748.0,0.0,0.0,2017-04-01T14:00:00Z,01 Apr 15:00,0.0,0.0,0.0,0.0,0.0,18.0,0.0,0.0,0.0,0.0,0.0,0.0,30.0,0.0,1450.0,0.0,0.0,0.0,0.0,1.0,0.0,0.0,2.0,20.0,18.0,43.0,False,0.0,0.0
185,,,,,,,,,,2017-04-04,,,,,,,,,,,0.0,0.0,0.0,0.0,0.0,0.0,0.0,0.0,0.0,0.0,0.0,0.0,538.0,0.0,0.0,304.0,0.0,0.0,0.0,0.0,18405.0,0.0,0.0,2017-04-04T18:45:00Z,04 Apr 19:45,0.0,0.0,0.0,0.0,0.0,8.0,0.0,0.0,0.0,0.0,0.0,0.0,31.0,0.0,1451.0,0.0,0.0,0.0,0.0,2.0,0.0,0.0,-2.0,5.0,7.0,43.0,False,0.0,0.0
186,,,,,,,,,,2019-08-17,,,,,,,,,,,0.0,,,,0.0,0.0,0.0,,,0.0,,,256.0,,,17.0,,0.0,0.0,0.0,,0.0,,2019-08-17T14:00:00Z,,,,0.0,,,14.0,0.0,,0.0,0.0,,0.0,2.0,0.0,11062.0,,,,1.0,3.0,0.0,0.0,-19.0,930.0,949.0,45.0,False,,0.0
187,,,,,,,,,,2019-08-25,,,,,,,,,,,0.0,,,,0.0,0.0,0.0,,,0.0,,,256.0,,,28.0,,0.0,0.0,0.0,,0.0,,2019-08-25T15:30:00Z,,,,0.0,,,17.0,0.0,,0.0,0.0,,0.0,3.0,0.0,10030.0,,,,1.0,0.0,0.0,0.0,-1350.0,120.0,1470.0,45.0,False,,0.0
188,,,,,,,,,,2019-09-29,,,,,,,,,,,0.0,,,,0.0,0.0,0.0,,,0.0,,,256.0,,,66.0,,0.0,0.0,0.0,,0.0,,2019-09-29T15:30:00Z,,,,0.0,,,9.0,0.0,,0.0,0.0,,0.0,7.0,0.0,10375.0,,,,0.0,5.0,0.0,0.0,258.0,804.0,546.0,44.0,False,,0.0
189,,,,,,,,,,2019-10-06,,,,,,,,,,,0.0,,,,0.0,0.0,0.0,,,0.0,,,256.0,,,76.0,,0.0,0.0,0.0,,0.0,,2019-10-06T15:30:00Z,,,,0.0,,,12.0,0.0,,0.0,0.0,,0.0,8.0,0.0,10044.0,,,,0.0,1.0,0.0,0.0,-382.0,159.0,541.0,44.0,True,,0.0
190,,,,,,,,,,2019-10-19,,,,,,,,,,,0.0,,,,0.0,0.0,0.0,,,0.0,,,256.0,,,83.0,,0.0,0.0,0.0,,0.0,,2019-10-19T14:00:00Z,,,,0.0,,,6.0,0.0,,0.0,0.0,,0.0,9.0,0.0,9770.0,,,,0.0,1.0,0.0,0.0,-376.0,79.0,455.0,44.0,False,,0.0
191,,,,,,,,,,2019-10-27,,,,,,,,,,,0.0,,,,0.0,0.0,0.0,,,0.0,,,256.0,,,96.0,,0.0,0.0,0.0,,0.0,,2019-10-27T14:00:00Z,,,,0.0,,,20.0,0.0,,0.0,0.0,,0.0,10.0,0.0,9560.0,,,,1.0,1.0,0.0,0.0,-276.0,40.0,316.0,44.0,True,,0.0
192,,,,,,,,,,2019-11-02,,,,,,,,,,,0.0,,,,0.0,0.0,0.0,,,0.0,,,256.0,,,110.0,,0.0,0.0,0.0,,0.0,,2019-11-02T15:00:00Z,,,,0.0,,,19.0,0.0,,0.0,0.0,,0.0,11.0,0.0,9300.0,,,,3.0,2.0,0.0,0.0,-326.0,57.0,383.0,44.0,False,,0.0
193,,,,,,,,,,2019-11-09,,,,,,,,,,,0.0,,,,0.0,0.0,0.0,,,0.0,,,256.0,,,116.0,,0.0,0.0,0.0,,0.0,,2019-11-09T15:00:00Z,,,,0.0,,,3.0,0.0,,0.0,0.0,,0.0,12.0,0.0,9111.0,,,,1.0,2.0,0.0,0.0,-264.0,72.0,336.0,43.0,True,,0.0
194,,,,,,,,,,2019-11-25,,,,,,,,,,,0.0,,,,0.0,0.0,0.0,,,0.0,,,256.0,,,122.0,,0.0,0.0,0.0,,0.0,,2019-11-25T20:00:00Z,,,,0.0,,,2.0,0.0,,0.0,0.0,,0.0,13.0,0.0,8997.0,,,,0.0,2.0,0.0,0.0,-189.0,156.0,345.0,43.0,False,,0.0
195,,,,,,,,,,2019-12-28,,,,,,,,,,,0.0,,,,0.0,0.0,0.0,,,0.0,,,256.0,,,196.0,,0.0,0.0,0.0,,0.0,,2019-12-28T15:00:00Z,,,,0.0,,,8.0,0.0,,0.0,0.0,,0.0,20.0,0.0,22533.0,,,,2.0,1.0,0.0,0.0,-1436.0,940.0,2376.0,43.0,True,,0.0
196,,,,,,,,,,2020-01-11,,,,,,,,,,,0.0,,,,0.0,0.0,0.0,,,0.0,,,256.0,,,220.0,,0.0,0.0,0.0,,0.0,,2020-01-11T15:00:00Z,,,,0.0,,,20.0,0.0,,0.0,0.0,,0.0,22.0,0.0,17995.0,,,,1.0,1.0,0.0,0.0,-3798.0,237.0,4035.0,43.0,False,,0.0
197,,,,,,,,,,2020-01-18,,,,,,,,,,,0.0,,,,0.0,0.0,0.0,,,0.0,,,256.0,,,226.0,,0.0,0.0,0.0,,0.0,,2020-01-18T17:30:00Z,,,,0.0,,,6.0,0.0,,0.0,0.0,,0.0,23.0,0.0,14684.0,,,,0.0,1.0,0.0,0.0,-3336.0,9.0,3345.0,43.0,True,,0.0
198,,,,,,,,,,2020-01-21,,,,,,,,,,,0.0,,,,0.0,0.0,0.0,,,0.0,,,256.0,,,233.0,,0.0,0.0,0.0,,0.0,,2020-01-21T19:30:00Z,,,,0.0,,,8.0,0.0,,0.0,0.0,,0.0,24.0,0.0,13096.0,,,,2.0,2.0,0.0,0.0,-1525.0,12.0,1537.0,43.0,False,,0.0
199,,,,,,,,,,2020-02-01,,,,,,,,,,,0.0,,,,0.0,0.0,0.0,,,0.0,,,256.0,,,247.0,,0.0,0.0,0.0,,0.0,,2020-02-01T15:00:00Z,,,,0.0,,,14.0,0.0,,0.0,0.0,,0.0,25.0,0.0,11978.0,,,,0.0,0.0,0.0,0.0,-1251.0,17.0,1268.0,43.0,True,,0.0
200,,,,,,,,,,2020-02-16,,,,,,,,,,,0.0,,,,0.0,0.0,0.0,,,0.0,,,256.0,,,251.0,,0.0,0.0,0.0,,0.0,,2020-02-16T16:30:00Z,,,,0.0,,,1.0,0.0,,0.0,0.0,,0.0,26.0,0.0,11286.0,,,,0.0,4.0,0.0,0.0,-723.0,4.0,727.0,43.0,False,,0.0
201,,,,,,,,,,2020-02-22,,,,,,,,,,,0.0,,,,0.0,0.0,0.0,,,0.0,,,256.0,,,264.0,,0.0,0.0,0.0,,0.0,,2020-02-22T15:00:00Z,,,,0.0,,,7.0,0.0,,0.0,0.0,,0.0,27.0,0.0,10653.0,,,,0.0,1.0,0.0,0.0,-628.0,11.0,639.0,43.0,False,,0.0
202,,,,,,,,,,2020-07-15,,,,,,,,,,,0.0,,,,0.0,0.0,0.0,,,0.0,,,256.0,,,358.0,,0.0,0.0,0.0,,0.0,,2020-07-15T17:00:00Z,,,,0.0,,,17.0,0.0,,0.0,0.0,,0.0,45.0,0.0,18128.0,,,,3.0,1.0,0.0,0.0,-578.0,479.0,1057.0,43.0,True,,0.0
203,,,,,,,,,,2021-08-15,,,,,,,,,,,0.0,,,,0.0,0.0,0.0,,,0.0,,,302.0,,,9.0,,0.0,0.0,0.0,,0.0,,2021-08-15T13:00:00Z,,,,0.0,,,19.0,0.0,,0.0,0.0,,0.0,1.0,0.0,688449.0,,,,4.0,2.0,0.0,0.0,0.0,0.0,0.0,40.0,True,,0.0
204,,,,,,,,,,2021-08-21,,,,,,,,,,,0.0,,,,0.0,0.0,0.0,,,0.0,,,302.0,,,11.0,,0.0,0.0,0.0,,0.0,,2021-08-21T14:00:00Z,,,,0.0,,,2.0,0.0,,0.0,0.0,,0.0,2.0,0.0,679162.0,,,,0.0,2.0,0.0,0.0,-33836.0,16154.0,49990.0,40.0,False,,0.0
205,,,,,,,,,,2021-08-28,,,,,,,,,,,0.0,,,,0.0,0.0,0.0,,,0.0,,,302.0,,,25.0,,0.0,0.0,0.0,,0.0,,2021-08-28T14:00:00Z,,,,0.0,,,16.0,0.0,,0.0,0.0,,0.0,3.0,0.0,623565.0,,,,2.0,2.0,0.0,0.0,-59059.0,12612.0,71671.0,40.0,True,,0.0
206,,,,,,,,,,2021-11-06,,,,,,,,,,,0.0,,,,0.0,0.0,0.0,,,0.0,,,302.0,,,103.0,,0.0,0.0,0.0,,0.0,,2021-11-06T17:30:00Z,,,,0.0,,,4.0,0.0,,0.0,0.0,,0.0,11.0,0.0,794089.0,,,,1.0,1.0,0.0,0.0,-10270.0,18469.0,28739.0,40.0,False,,0.0
207,,,,,,,,,,2021-11-20,,,,,,,,,,,0.0,,,,0.0,0.0,0.0,,,0.0,,,302.0,,,116.0,,0.0,0.0,0.0,,0.0,,2021-11-20T15:00:00Z,,,,0.0,,,3.0,0.0,,0.0,0.0,,0.0,12.0,0.0,770908.0,,,,3.0,3.0,0.0,0.0,-24492.0,13393.0,37885.0,40.0,True,,0.0
208,,,,,,,,,,2021-11-27,,,,,,,,,,,0.0,,,,0.0,0.0,0.0,,,0.0,,,302.0,,,121.0,,0.0,0.0,0.0,,0.0,,2021-11-27T12:30:00Z,,,,0.0,,,1.0,0.0,,0.0,0.0,,0.0,13.0,0.0,719114.0,,,,0.0,2.0,0.0,0.0,-51614.0,4801.0,56415.0,40.0,False,,0.0
209,,,,,,,,,,2021-12-19,,,,,,,,,,,0.0,,,,0.0,0.0,0.0,,,0.0,,,302.0,,,175.0,,0.0,0.0,0.0,,0.0,,2021-12-19T14:00:00Z,,,,0.0,,,12.0,0.0,,0.0,0.0,,0.0,18.0,0.0,674662.0,,,,4.0,0.0,0.0,0.0,-7967.0,12790.0,20757.0,39.0,True,,0.0
210,,,,,,,,,,2022-01-15,,,,,,,,,,,0.0,,,,0.0,0.0,0.0,,,0.0,,,302.0,,,216.0,,0.0,0.0,0.0,,0.0,,2022-01-15T15:00:00Z,,,,0.0,,,18.0,0.0,,0.0,0.0,,0.0,22.0,0.0,484567.0,,,,1.0,1.0,0.0,0.0,-53629.0,2018.0,55647.0,39.0,True,,0.0
211,,,,,,,,,,2022-02-19,,,,,,,,,,,0.0,,,,0.0,0.0,0.0,,,0.0,,,302.0,,,259.0,,0.0,0.0,0.0,,0.0,,2022-02-19T12:30:00Z,,,,0.0,,,19.0,0.0,,0.0,0.0,,0.0,26.0,0.0,481088.0,,,,1.0,1.0,0.0,0.0,-21974.0,5465.0,27439.0,39.0,False,,0.0
212,,,,,,,,,,2022-02-26,,,,,,,,,,,0.0,,,,0.0,0.0,0.0,,,0.0,,,302.0,,,262.0,,0.0,0.0,0.0,,0.0,,2022-02-26T15:00:00Z,,,,0.0,,,3.0,0.0,,0.0,0.0,,0.0,27.0,0.0,451410.0,,,,2.0,0.0,0.0,0.0,-26524.0,865.0,27389.0,39.0,False,,0.0
213,,,,,,,,,,2022-03-05,,,,,,,,,,,0.0,,,,0.0,0.0,0.0,,,0.0,,,302.0,,,276.0,,0.0,0.0,0.0,,0.0,,2022-03-05T15:00:00Z,,,,0.0,,,4.0,0.0,,0.0,0.0,,0.0,28.0,0.0,451911.0,,,,1.0,2.0,0.0,0.0,-8646.0,5252.0,13898.0,39.0,True,,0.0
214,,,,,,,,,,2022-04-08,,,,,,,,,,,0.0,,,,0.0,0.0,0.0,,,0.0,,,302.0,,,317.0,,0.0,0.0,0.0,,0.0,,2022-04-08T19:00:00Z,,,,0.0,,,20.0,0.0,,0.0,0.0,,0.0,32.0,0.0,449506.0,,,,0.0,1.0,0.0,0.0,3740.0,7352.0,3612.0,39.0,True,,0.0
215,,,,,,,,,,2022-04-17,,,,,,,,,,,0.0,,,,0.0,0.0,0.0,,,0.0,,,302.0,,,325.0,,0.0,0.0,0.0,,0.0,,2022-04-17T13:15:00Z,,,,0.0,,,9.0,0.0,,0.0,0.0,,0.0,33.0,0.0,453216.0,,,,1.0,2.0,0.0,0.0,2020.0,9165.0,7145.0,39.0,True,,0.0
216,,,,,,,,,,2022-04-20,,,,,,,,,,,0.0,,,,0.0,0.0,0.0,,,0.0,,,302.0,,,296.0,,0.0,0.0,0.0,,0.0,,2022-04-20T18:45:00Z,,,,0.0,,,7.0,0.0,,0.0,0.0,,0.0,33.0,0.0,453216.0,,,,0.0,1.0,0.0,0.0,2020.0,9165.0,7145.0,39.0,True,,0.0
217,,,,,,,,,,2022-04-23,,,,,,,,,,,0.0,,,,0.0,0.0,0.0,,,0.0,,,302.0,,,340.0,,0.0,0.0,0.0,,0.0,,2022-04-23T14:00:00Z,,,,0.0,,,15.0,0.0,,0.0,0.0,,0.0,34.0,0.0,447166.0,,,,3.0,0.0,0.0,0.0,-4396.0,3629.0,8025.0,39.0,False,,0.0
218,,,,,,,,,,2022-04-30,,,,,,,,,,,0.0,,,,0.0,0.0,0.0,,,0.0,,,302.0,,,345.0,,0.0,0.0,0.0,,0.0,,2022-04-30T11:30:00Z,,,,0.0,,,11.0,0.0,,0.0,0.0,,0.0,35.0,0.0,443247.0,,,,1.0,0.0,0.0,0.0,-4086.0,2678.0,6764.0,39.0,True,,0.0
219,,,,,,,,,,2022-05-08,,,,,,,,,,,0.0,,,,0.0,0.0,0.0,,,0.0,,,302.0,,,359.0,,0.0,0.0,0.0,,0.0,,2022-05-08T15:30:00Z,,,,0.0,,,12.0,0.0,,0.0,0.0,,0.0,36.0,0.0,436706.0,,,,0.0,5.0,0.0,0.0,-6820.0,3449.0,10269.0,39.0,False,,0.0
220,,,,,,,,,,2022-05-16,,,,,,,,,,,0.0,,,,0.0,0.0,0.0,,,0.0,,,302.0,,,365.0,,0.0,0.0,0.0,,0.0,,2022-05-16T19:00:00Z,,,,0.0,,,1.0,0.0,,0.0,0.0,,0.0,37.0,0.0,433191.0,,,,0.0,2.0,0.0,0.0,-3463.0,2442.0,5905.0,39.0,True,,0.0
221,,,,,,,,,,2022-05-22,,,,,,,,,,,0.0,,,,0.0,0.0,0.0,,,0.0,,,302.0,,,374.0,,0.0,0.0,0.0,,0.0,,2022-05-22T15:00:00Z,,,,0.0,,,5.0,0.0,,0.0,0.0,,0.0,38.0,0.0,422191.0,,,,2.0,1.0,0.0,0.0,-8869.0,855.0,9724.0,39.0,False,,0.0
222,,,,,,,,,,2018-08-11,,,,,,,,,,,0.0,0.0,0.0,0.0,0.0,0.0,0.0,0.0,0.0,0.0,0.0,0.0,315.0,0.0,0.0,7.0,0.0,0.0,0.0,0.0,315.0,0.0,0.0,2018-08-11T11:30:00Z,11 Aug 12:30,0.0,0.0,0.0,0.0,0.0,17.0,0.0,0.0,0.0,0.0,0.0,0.0,1.0,0.0,8511.0,0.0,0.0,0.0,2.0,1.0,0.0,0.0,0.0,0.0,0.0,45.0,True,0.0,0.0
223,,,,,,,,,,2018-08-26,,,,,,,,,,,0.0,0.0,0.0,0.0,0.0,0.0,0.0,0.0,0.0,0.0,0.0,0.0,315.0,0.0,0.0,27.0,0.0,0.0,0.0,0.0,1367.0,0.0,0.0,2018-08-26T15:00:00Z,26 Aug 16:00,0.0,0.0,0.0,0.0,0.0,6.0,0.0,0.0,0.0,0.0,0.0,0.0,3.0,0.0,6623.0,0.0,0.0,0.0,2.0,1.0,0.0,0.0,-1857.0,30.0,1887.0,44.0,True,0.0,0.0
224,,,,,,,,,,2018-09-01,,,,,,,,,,,0.0,0.0,0.0,0.0,0.0,0.0,0.0,0.0,0.0,0.0,0.0,0.0,315.0,0.0,0.0,38.0,0.0,0.0,0.0,0.0,1898.0,0.0,0.0,2018-09-01T16:30:00Z,01 Sep 17:30,0.0,0.0,0.0,0.0,0.0,13.0,0.0,0.0,0.0,0.0,0.0,0.0,4.0,0.0,5798.0,0.0,0.0,0.0,1.0,2.0,0.0,0.0,-915.0,31.0,946.0,44.0,False,0.0,0.0
225,,,,,,,,,,2018-09-15,,,,,,,,,,,0.0,0.0,0.0,0.0,0.0,0.0,0.0,0.0,0.0,0.0,0.0,0.0,315.0,0.0,0.0,46.0,0.0,0.0,0.0,0.0,2435.0,0.0,0.0,2018-09-15T14:00:00Z,15 Sep 15:00,0.0,0.0,0.0,0.0,0.0,1.0,0.0,0.0,0.0,0.0,0.0,0.0,5.0,0.0,5033.0,0.0,0.0,0.0,2.0,1.0,0.0,0.0,-783.0,23.0,806.0,44.0,True,0.0,0.0
226,,,,,,,,,,2018-09-22,,,,,,,,,,,0.0,0.0,0.0,0.0,0.0,0.0,0.0,0.0,0.0,0.0,0.0,0.0,315.0,0.0,0.0,55.0,0.0,0.0,0.0,0.0,2972.0,0.0,0.0,2018-09-22T14:00:00Z,22 Sep 15:00,0.0,0.0,0.0,0.0,0.0,7.0,0.0,0.0,0.0,0.0,0.0,0.0,6.0,0.0,4921.0,0.0,0.0,0.0,0.0,0.0,0.0,0.0,-174.0,31.0,205.0,44.0,False,0.0,0.0
227,,,,,,,,,,2018-10-20,,,,,,,,,,,0.0,0.0,0.0,0.0,0.0,0.0,0.0,0.0,0.0,0.0,0.0,0.0,315.0,0.0,0.0,88.0,0.0,0.0,0.0,0.0,4591.0,0.0,0.0,2018-10-20T14:00:00Z,20 Oct 15:00,0.0,0.0,0.0,0.0,0.0,3.0,0.0,0.0,0.0,0.0,0.0,0.0,9.0,0.0,4677.0,0.0,0.0,0.0,1.0,0.0,0.0,0.0,-82.0,81.0,163.0,44.0,True,0.0,0.0
228,,,,,,,,,,2018-10-27,,,,,,,,,,,0.0,0.0,0.0,0.0,0.0,0.0,0.0,0.0,0.0,0.0,0.0,0.0,315.0,0.0,0.0,98.0,0.0,0.0,0.0,0.0,5137.0,0.0,0.0,2018-10-27T14:00:00Z,27 Oct 15:00,0.0,0.0,0.0,0.0,0.0,16.0,0.0,0.0,0.0,0.0,0.0,0.0,10.0,0.0,4581.0,0.0,0.0,0.0,0.0,0.0,0.0,0.0,-102.0,23.0,125.0,44.0,False,0.0,0.0
229,,,,,,,,,,2018-11-03,,,,,,,,,,,0.0,0.0,0.0,0.0,0.0,0.0,0.0,0.0,0.0,0.0,0.0,0.0,315.0,0.0,0.0,108.0,0.0,0.0,0.0,0.0,5685.0,0.0,0.0,2018-11-03T15:00:00Z,03 Nov 15:00,0.0,0.0,0.0,0.0,0.0,18.0,0.0,0.0,0.0,0.0,0.0,0.0,11.0,0.0,4493.0,0.0,0.0,0.0,0.0,1.0,0.0,0.0,-99.0,12.0,111.0,44.0,True,0.0,0.0
230,,,,,,,,,,2018-11-10,,,,,,,,,,,0.0,0.0,0.0,0.0,0.0,0.0,0.0,0.0,0.0,0.0,0.0,0.0,315.0,0.0,0.0,119.0,0.0,0.0,0.0,0.0,6235.0,0.0,0.0,2018-11-10T15:00:00Z,10 Nov 15:00,0.0,0.0,0.0,0.0,0.0,2.0,0.0,0.0,0.0,0.0,0.0,0.0,12.0,0.0,4435.0,0.0,0.0,0.0,1.0,2.0,0.0,0.0,-64.0,11.0,75.0,44.0,True,0.0,0.0
231,,,,,,,,,,2018-11-26,,,,,,,,,,,0.0,0.0,0.0,0.0,0.0,0.0,0.0,0.0,0.0,0.0,0.0,0.0,315.0,0.0,0.0,123.0,0.0,0.0,0.0,0.0,6787.0,0.0,0.0,2018-11-26T20:30:00Z,26 Nov 20:30,0.0,0.0,0.0,0.0,0.0,4.0,0.0,0.0,0.0,0.0,0.0,0.0,13.0,0.0,4385.0,0.0,0.0,0.0,2.0,1.0,0.0,0.0,-67.0,37.0,104.0,44.0,False,0.0,0.0
232,,,,,,,,,,2018-12-26,,,,,,,,,,,0.0,0.0,0.0,0.0,0.0,0.0,0.0,0.0,0.0,0.0,0.0,0.0,315.0,0.0,0.0,186.0,0.0,0.0,0.0,0.0,10140.0,0.0,0.0,2018-12-26T15:00:00Z,26 Dec 15:00,0.0,0.0,0.0,0.0,0.0,12.0,0.0,0.0,0.0,0.0,0.0,0.0,19.0,0.0,23069.0,0.0,0.0,0.0,0.0,4.0,0.0,0.0,6987.0,9413.0,2426.0,43.0,False,0.0,0.0
233,,,,,,,,,,2018-12-29,,,,,,,,,,,0.0,0.0,0.0,0.0,0.0,0.0,0.0,0.0,0.0,0.0,0.0,0.0,315.0,0.0,0.0,200.0,0.0,0.0,0.0,0.0,10708.0,0.0,0.0,2018-12-29T15:00:00Z,29 Dec 15:00,0.0,0.0,0.0,0.0,0.0,18.0,0.0,0.0,0.0,0.0,0.0,0.0,20.0,0.0,21805.0,0.0,0.0,0.0,1.0,1.0,0.0,0.0,-919.0,2027.0,2946.0,43.0,False,0.0,0.0
234,,,,,,,,,,2019-01-02,,,,,,,,,,,0.0,0.0,0.0,0.0,0.0,0.0,0.0,0.0,0.0,0.0,0.0,0.0,315.0,0.0,0.0,208.0,0.0,0.0,0.0,0.0,11276.0,0.0,0.0,2019-01-02T20:00:00Z,02 Jan 20:00,0.0,0.0,0.0,0.0,0.0,14.0,0.0,0.0,0.0,0.0,0.0,0.0,21.0,0.0,20973.0,0.0,0.0,0.0,2.0,0.0,0.0,0.0,-930.0,1968.0,2898.0,43.0,True,0.0,0.0
235,,,,,,,,,,2019-02-02,,,,,,,,,,,0.0,0.0,0.0,0.0,0.0,0.0,0.0,0.0,0.0,0.0,0.0,0.0,315.0,0.0,0.0,249.0,0.0,0.0,0.0,0.0,13628.0,0.0,0.0,2019-02-02T12:30:00Z,02 Feb 12:30,0.0,0.0,0.0,0.0,0.0,17.0,0.0,0.0,0.0,0.0,0.0,0.0,25.0,0.0,16756.0,0.0,0.0,0.0,0.0,1.0,0.0,0.0,-716.0,49.0,765.0,43.0,False,0.0,0.0
236,,,,,,,,,,2019-02-23,,,,,,,,,,,0.0,0.0,0.0,0.0,0.0,0.0,0.0,0.0,0.0,0.0,0.0,0.0,315.0,0.0,0.0,269.0,0.0,0.0,0.0,0.0,14745.0,0.0,0.0,2019-02-23T15:00:00Z,23 Feb 15:00,0.0,0.0,0.0,0.0,0.0,10.0,0.0,0.0,0.0,0.0,0.0,0.0,27.0,0.0,15447.0,0.0,0.0,0.0,0.0,2.0,0.0,0.0,-514.0,172.0,686.0,43.0,True,0.0,0.0
237,,,,,,,,,,2019-03-09,,,,,,,,,,,0.0,0.0,0.0,0.0,0.0,0.0,0.0,0.0,0.0,0.0,0.0,0.0,315.0,0.0,0.0,299.0,0.0,0.0,0.0,0.0,16531.0,0.0,0.0,2019-03-09T15:00:00Z,09 Mar 15:00,0.0,0.0,0.0,0.0,0.0,8.0,0.0,0.0,0.0,0.0,0.0,0.0,30.0,0.0,17367.0,0.0,0.0,0.0,2.0,3.0,0.0,0.0,26.0,654.0,628.0,43.0,True,0.0,0.0
238,,,,,,,,,,2019-03-16,,,,,,,,,,,0.0,0.0,0.0,0.0,0.0,0.0,0.0,0.0,0.0,0.0,0.0,0.0,315.0,0.0,0.0,301.0,0.0,0.0,0.0,0.0,17004.0,0.0,0.0,2019-03-16T15:00:00Z,16 Mar 15:00,0.0,0.0,0.0,0.0,0.0,2.0,0.0,0.0,0.0,0.0,0.0,0.0,31.0,0.0,21219.0,0.0,0.0,0.0,2.0,2.0,0.0,0.0,218.0,850.0,632.0,43.0,False,0.0,0.0
239,,,,,,,,,,2019-04-01,,,,,,,,,,,0.0,0.0,0.0,0.0,0.0,0.0,0.0,0.0,0.0,0.0,0.0,0.0,315.0,0.0,0.0,311.0,0.0,0.0,0.0,0.0,17593.0,0.0,0.0,2019-04-01T19:00:00Z,01 Apr 20:00,0.0,0.0,0.0,0.0,0.0,1.0,0.0,0.0,0.0,0.0,0.0,0.0,32.0,0.0,16370.0,0.0,0.0,0.0,0.0,2.0,0.0,0.0,-973.0,159.0,1132.0,43.0,False,0.0,0.0
240,,,,,,,,,,2019-04-06,,,,,,,,,,,0.0,0.0,0.0,0.0,0.0,0.0,0.0,0.0,0.0,0.0,0.0,0.0,315.0,0.0,0.0,326.0,0.0,0.0,0.0,0.0,18241.0,0.0,0.0,2019-04-06T14:00:00Z,06 Apr 15:00,0.0,0.0,0.0,0.0,0.0,7.0,0.0,0.0,0.0,0.0,0.0,0.0,33.0,0.0,16298.0,0.0,0.0,0.0,1.0,0.0,0.0,0.0,-370.0,121.0,491.0,43.0,True,0.0,0.0
241,,,,,,,,,,2019-05-12,,,,,,,,,,,0.0,0.0,0.0,0.0,0.0,0.0,0.0,0.0,0.0,0.0,0.0,0.0,315.0,0.0,0.0,374.0,0.0,0.0,0.0,0.0,21482.0,0.0,0.0,2019-05-12T14:00:00Z,12 May 15:00,0.0,0.0,0.0,0.0,0.0,9.0,0.0,0.0,0.0,0.0,0.0,0.0,38.0,0.0,18294.0,0.0,0.0,0.0,4.0,0.0,0.0,0.0,2422.0,2907.0,485.0,43.0,False,0.0,0.0
242,,,,,,,,,,2022-08-06,,,,,,,,,,,0.0,,,,0.0,0.0,0.0,,,0.0,,,363.0,,,7.0,,0.0,0.0,0.0,,0.0,,2022-08-06T14:00:00Z,,,,0.0,,,16.0,0.0,,0.0,0.0,,0.0,1.0,0.0,6578.0,,,,0.0,2.0,0.0,0.0,0.0,0.0,0.0,45.0,True,,0.0
243,,,,,,,,,,2022-08-13,,,,,,,,,,,0.0,,,,0.0,0.0,0.0,,,0.0,,,363.0,,,14.0,,0.0,0.0,0.0,,0.0,,2022-08-13T14:00:00Z,,,,0.0,,,5.0,0.0,,0.0,0.0,,0.0,2.0,0.0,6877.0,,,,0.0,0.0,0.0,0.0,-907.0,112.0,1019.0,45.0,False,,0.0
244,,,,,,,,,,2022-08-21,,,,,,,,,,,0.0,,,,0.0,0.0,0.0,,,0.0,,,363.0,,,28.0,,0.0,0.0,0.0,,0.0,,2022-08-21T15:30:00Z,,,,0.0,,,13.0,0.0,,0.0,0.0,,0.0,3.0,0.0,6621.0,,,,3.0,3.0,0.0,0.0,-816.0,143.0,959.0,44.0,True,,0.0
245,,,,,,,,,,2022-08-28,,,,,,,,,,,0.0,,,,0.0,0.0,0.0,,,0.0,,,363.0,,,40.0,,0.0,0.0,0.0,,0.0,,2022-08-28T13:00:00Z,,,,0.0,,,20.0,0.0,,0.0,0.0,,0.0,4.0,0.0,6300.0,,,,1.0,1.0,0.0,0.0,-621.0,145.0,766.0,44.0,False,,0.0
246,,,,,,,,,,2022-08-31,,,,,,,,,,,0.0,,,,0.0,0.0,0.0,,,0.0,,,363.0,,,48.0,,0.0,0.0,0.0,,0.0,,2022-08-31T19:00:00Z,,,,0.0,,,12.0,0.0,,0.0,0.0,,0.0,5.0,0.0,6025.0,,,,1.0,2.0,0.0,0.0,-491.0,68.0,559.0,44.0,False,,0.0
247,,,,,,,,,,2022-09-03,,,,,,,,,,,0.0,,,,0.0,0.0,0.0,,,0.0,,,363.0,,,57.0,,0.0,0.0,0.0,,0.0,,2022-09-03T14:00:00Z,,,,0.0,,,7.0,0.0,,0.0,0.0,,0.0,6.0,0.0,6052.0,,,,0.0,0.0,0.0,0.0,-219.0,266.0,485.0,43.0,True,,0.0
248,,,,,,,,,,2022-09-17,,,,,,,,,,,0.0,,,,0.0,0.0,0.0,,,0.0,,,363.0,,,77.0,,0.0,0.0,0.0,,0.0,,2022-09-17T14:00:00Z,,,,0.0,,,3.0,0.0,,0.0,0.0,,0.0,8.0,0.0,6044.0,,,,1.0,1.0,0.0,0.0,-108.0,80.0,188.0,43.0,True,,0.0
249,,,,,,,,,,2022-10-01,,,,,,,,,,,0.0,,,,0.0,0.0,0.0,,,0.0,,,363.0,,,84.0,,0.0,0.0,0.0,,0.0,,2022-10-01T14:00:00Z,,,,0.0,,,9.0,0.0,,0.0,0.0,,0.0,9.0,0.0,5958.0,,,,4.0,1.0,0.0,0.0,-183.0,85.0,268.0,43.0,False,,0.0
250,,,,,,,,,,2020-10-17,,,,,,,,,,,0.0,,,,0.0,0.0,0.0,,,0.0,,,332.0,,,45.0,,0.0,0.0,0.0,,0.0,,2020-10-17T19:00:00Z,,,,0.0,,,13.0,0.0,,0.0,0.0,,0.0,5.0,0.0,29047.0,,,,4.0,1.0,0.0,0.0,-2327.0,1636.0,3963.0,45.0,True,,0.0
251,,,,,,,,,,2020-10-25,,,,,,,,,,,0.0,,,,0.0,0.0,0.0,,,0.0,,,332.0,,,58.0,,0.0,0.0,0.0,,0.0,,2020-10-25T16:30:00Z,,,,0.0,,,20.0,0.0,,0.0,0.0,,0.0,6.0,0.0,26586.0,,,,1.0,1.0,0.0,0.0,-2733.0,346.0,3079.0,45.0,False,,0.0
252,,,,,,,,,,2020-11-01,,,,,,,,,,,0.0,,,,0.0,0.0,0.0,,,0.0,,,332.0,,,65.0,,0.0,0.0,0.0,,0.0,,2020-11-01T14:00:00Z,,,,0.0,,,7.0,0.0,,0.0,0.0,,0.0,7.0,0.0,24405.0,,,,1.0,2.0,0.0,0.0,-2466.0,130.0,2596.0,45.0,True,,0.0
253,,,,,,,,,,2020-11-06,,,,,,,,,,,0.0,,,,0.0,0.0,0.0,,,0.0,,,332.0,,,76.0,,0.0,0.0,0.0,,0.0,,2020-11-06T20:00:00Z,,,,0.0,,,16.0,0.0,,0.0,0.0,,0.0,8.0,0.0,22159.0,,,,0.0,2.0,0.0,0.0,-2312.0,128.0,2440.0,44.0,False,,0.0
254,,,,,,,,,,2020-12-12,,,,,,,,,,,0.0,,,,0.0,0.0,0.0,,,0.0,,,332.0,,,116.0,,0.0,0.0,0.0,,0.0,,2020-12-12T15:00:00Z,,,,0.0,,,18.0,0.0,,0.0,0.0,,0.0,12.0,0.0,21035.0,,,,1.0,2.0,0.0,0.0,894.0,1738.0,844.0,44.0,True,,0.0
255,,,,,,,,,,2020-12-16,,,,,,,,,,,0.0,,,,0.0,0.0,0.0,,,0.0,,,332.0,,,122.0,,0.0,0.0,0.0,,0.0,,2020-12-16T18:00:00Z,,,,0.0,,,10.0,0.0,,0.0,0.0,,0.0,13.0,0.0,19877.0,,,,2.0,5.0,0.0,0.0,-1015.0,325.0,1340.0,44.0,False,,0.0
256,,,,,,,,,,2020-12-19,,,,,,,,,,,0.0,,,,0.0,0.0,0.0,,,0.0,,,332.0,,,135.0,,0.0,0.0,0.0,,0.0,,2020-12-19T20:00:00Z,,,,0.0,,,8.0,0.0,,0.0,0.0,,0.0,14.0,0.0,19759.0,,,,1.0,1.0,0.0,0.0,-271.0,792.0,1063.0,43.0,True,,0.0
257,,,,,,,,,,2020-12-26,,,,,,,,,,,0.0,,,,0.0,0.0,0.0,,,0.0,,,332.0,,,145.0,,0.0,0.0,0.0,,0.0,,2020-12-26T20:00:00Z,,,,0.0,,,12.0,0.0,,0.0,0.0,,0.0,15.0,0.0,19145.0,,,,0.0,2.0,0.0,0.0,-721.0,768.0,1489.0,43.0,False,,0.0
258,,,,,,,,,,2020-12-30,,,,,,,,,,,0.0,,,,0.0,0.0,0.0,,,0.0,,,332.0,,,155.0,,0.0,0.0,0.0,,0.0,,2020-12-30T20:00:00Z,,,,0.0,,,11.0,0.0,,0.0,0.0,,0.0,16.0,0.0,18613.0,,,,0.0,0.0,0.0,0.0,-557.0,232.0,789.0,43.0,True,,0.0
259,,,,,,,,,,2021-01-03,,,,,,,,,,,0.0,,,,0.0,0.0,0.0,,,0.0,,,332.0,,,165.0,,0.0,0.0,0.0,,0.0,,2021-01-03T14:15:00Z,,,,0.0,,,9.0,0.0,,0.0,0.0,,0.0,17.0,0.0,17945.0,,,,2.0,1.0,0.0,0.0,-716.0,153.0,869.0,43.0,True,,0.0
260,,,,,,,,,,2021-01-12,,,,,,,,,,,0.0,,,,0.0,0.0,0.0,,,0.0,,,332.0,,,174.0,,0.0,0.0,0.0,,0.0,,2021-01-12T18:00:00Z,,,,0.0,,,15.0,0.0,,0.0,0.0,,0.0,18.0,0.0,19974.0,,,,0.0,1.0,0.0,0.0,-95.0,1015.0,1110.0,43.0,False,,0.0
261,,,,,,,,,,2021-01-18,,,,,,,,,,,0.0,,,,0.0,0.0,0.0,,,0.0,,,332.0,,,179.0,,0.0,0.0,0.0,,0.0,,2021-01-18T20:00:00Z,,,,0.0,,,1.0,0.0,,0.0,0.0,,0.0,19.0,0.0,17338.0,,,,0.0,3.0,0.0,0.0,-598.0,248.0,846.0,43.0,False,,0.0
262,,,,,,,,,,2021-01-26,,,,,,,,,,,0.0,,,,0.0,0.0,0.0,,,0.0,,,332.0,,,196.0,,0.0,0.0,0.0,,0.0,,2021-01-26T18:00:00Z,,,,0.0,,,10.0,0.0,,0.0,0.0,,0.0,20.0,0.0,16625.0,,,,2.0,1.0,0.0,0.0,-813.0,106.0,919.0,42.0,True,,0.0
263,,,,,,,,,,2021-02-15,,,,,,,,,,,0.0,,,,0.0,0.0,0.0,,,0.0,,,332.0,,,231.0,,0.0,0.0,0.0,,0.0,,2021-02-15T20:00:00Z,,,,0.0,,,5.0,0.0,,0.0,0.0,,0.0,24.0,0.0,15636.0,,,,0.0,2.0,0.0,0.0,-1490.0,160.0,1650.0,42.0,False,,0.0
264,,,,,,,,,,2021-02-21,,,,,,,,,,,0.0,,,,0.0,0.0,0.0,,,0.0,,,332.0,,,245.0,,0.0,0.0,0.0,,0.0,,2021-02-21T19:00:00Z,,,,0.0,,,13.0,0.0,,0.0,0.0,,0.0,25.0,0.0,14912.0,,,,1.0,3.0,0.0,0.0,-802.0,52.0,854.0,42.0,False,,0.0
265,,,,,,,,,,2021-02-27,,,,,,,,,,,0.0,,,,0.0,0.0,0.0,,,0.0,,,332.0,,,255.0,,0.0,0.0,0.0,,0.0,,2021-02-27T20:00:00Z,,,,0.0,,,20.0,0.0,,0.0,0.0,,0.0,26.0,0.0,14279.0,,,,1.0,1.0,0.0,0.0,-628.0,144.0,772.0,42.0,True,,0.0
266,,,,,,,,,,2021-03-07,,,,,,,,,,,0.0,,,,0.0,0.0,0.0,,,0.0,,,332.0,,,267.0,,0.0,0.0,0.0,,0.0,,2021-03-07T12:00:00Z,,,,0.0,,,18.0,0.0,,0.0,0.0,,0.0,27.0,0.0,14041.0,,,,0.0,0.0,0.0,0.0,-266.0,96.0,362.0,42.0,False,,0.0
267,,,,,,,,,,2021-04-11,,,,,,,,,,,0.0,,,,0.0,0.0,0.0,,,0.0,,,332.0,,,300.0,,0.0,0.0,0.0,,0.0,,2021-04-11T11:00:00Z,,,,0.0,,,4.0,0.0,,0.0,0.0,,0.0,31.0,0.0,13976.0,,,,2.0,1.0,0.0,0.0,28.0,143.0,115.0,42.0,False,,0.0
268,,,,,,,,,,2021-04-17,,,,,,,,,,,0.0,,,,0.0,0.0,0.0,,,0.0,,,332.0,,,316.0,,0.0,0.0,0.0,,0.0,,2021-04-17T11:30:00Z,,,,0.0,,,19.0,0.0,,0.0,0.0,,0.0,32.0,0.0,13968.0,,,,2.0,3.0,0.0,0.0,-21.0,135.0,156.0,42.0,True,,0.0
269,,,,,,,,,,2021-04-24,,,,,,,,,,,0.0,,,,0.0,0.0,0.0,,,0.0,,,332.0,,,324.0,,0.0,0.0,0.0,,0.0,,2021-04-24T11:30:00Z,,,,0.0,,,11.0,0.0,,0.0,0.0,,0.0,33.0,0.0,13920.0,,,,1.0,1.0,0.0,0.0,-61.0,86.0,147.0,42.0,False,,0.0
270,,,,,,,,,,2021-05-02,,,,,,,,,,,0.0,,,,0.0,0.0,0.0,,,0.0,,,332.0,,,335.0,,0.0,0.0,0.0,,0.0,,2021-05-02T13:00:00Z,,,,0.0,,,1.0,0.0,,0.0,0.0,,0.0,34.0,0.0,13882.0,,,,2.0,0.0,0.0,0.0,-53.0,70.0,123.0,42.0,True,,0.0
271,,,,,,,,,,2021-05-07,,,,,,,,,,,0.0,,,,0.0,0.0,0.0,,,0.0,,,332.0,,,343.0,,0.0,0.0,0.0,,0.0,,2021-05-07T19:00:00Z,,,,0.0,,,9.0,0.0,,0.0,0.0,,0.0,35.0,0.0,13907.0,,,,4.0,2.0,0.0,0.0,22.0,147.0,125.0,42.0,False,,0.0
272,,,,,,,,,,2021-05-14,,,,,,,,,,,0.0,,,,0.0,0.0,0.0,,,0.0,,,332.0,,,356.0,,0.0,0.0,0.0,,0.0,,2021-05-14T19:00:00Z,,,,0.0,,,12.0,0.0,,0.0,0.0,,0.0,36.0,0.0,13941.0,,,,4.0,3.0,0.0,0.0,12.0,110.0,98.0,42.0,True,,0.0
273,,,,,,,,,,2021-05-19,,,,,,,,,,,0.0,,,,0.0,0.0,0.0,,,0.0,,,332.0,,,365.0,,0.0,0.0,0.0,,0.0,,2021-05-19T17:00:00Z,,,,0.0,,,15.0,0.0,,0.0,0.0,,0.0,37.0,0.0,13896.0,,,,0.0,1.0,0.0,0.0,-52.0,59.0,111.0,42.0,True,,0.0
274,,,,,,,,,,2021-05-23,,,,,,,,,,,0.0,,,,0.0,0.0,0.0,,,0.0,,,332.0,,,371.0,,0.0,0.0,0.0,,0.0,,2021-05-23T15:00:00Z,,,,0.0,,,8.0,0.0,,0.0,0.0,,0.0,38.0,0.0,13872.0,,,,2.0,0.0,0.0,0.0,-29.0,71.0,100.0,42.0,False,,0.0
